DATE,STOCK,DAY_OF_MONTH,DAY_OF_WEEK,WEEK_OF_MONTH,MONTH,QUARTER,YEAR,CLOSE_LAG_1,CLOSE_LAG_2,CLOSE_MA_3,FORECAST,MODEL_TYPE,RUN_DATE
2024-06-03,BOVA11.SA,3,0,1,6,2,2024,118.66,119.12,119.32000000000001,101.63,XGB,2024-05-31
2024-06-04,BOVA11.SA,4,1,1,6,2,2024,101.62747955322266,118.66,107.3049863688151,88.08,XGB,2024-05-31
2024-06-05,BOVA11.SA,5,2,1,6,2,2024,88.08106231689453,101.62747955322266,92.5965347290039,74.01,XGB,2024-05-31
2024-06-06,BOVA11.SA,6,3,1,6,2,2024,74.00713348388672,88.08106231689453,78.69844818115234,66.01,XGB,2024-05-31
2024-06-07,BOVA11.SA,7,4,1,6,2,2024,66.01475524902344,74.00713348388672,68.67887878417969,58.22,XGB,2024-05-31
2024-06-03,BOVA11.SA,3,0,1,6,2,2024,118.66,119.12,119.32000000000001,118.59,ET,2024-05-31
2024-06-04,BOVA11.SA,4,1,1,6,2,2024,118.59254292848354,118.66,118.61502861898903,117.98,ET,2024-05-31
2024-06-05,BOVA11.SA,5,2,1,6,2,2024,117.98373225310232,118.59254292848354,118.18666914489604,117.54,ET,2024-05-31
2024-06-06,BOVA11.SA,6,3,1,6,2,2024,117.53611717373724,117.98373225310232,117.68532220019226,116.98,ET,2024-05-31
2024-06-07,BOVA11.SA,7,4,1,6,2,2024,116.98156699476995,117.53611717373724,117.16641705442571,116.86,ET,2024-05-31
2024-06-03,BCFF11.SA,3,0,1,6,2,2024,8.69,8.64,8.603333333333333,7.41,XGB,2024-05-31
2024-06-04,BCFF11.SA,4,1,1,6,2,2024,7.413132190704346,8.69,7.838754793802896,6.52,XGB,2024-05-31
2024-06-05,BCFF11.SA,5,2,1,6,2,2024,6.520313739776611,7.413132190704346,6.817920207977295,5.61,XGB,2024-05-31
2024-06-06,BCFF11.SA,6,3,1,6,2,2024,5.61447286605835,6.520313739776611,5.916419982910156,4.94,XGB,2024-05-31
2024-06-07,BCFF11.SA,7,4,1,6,2,2024,4.939375400543213,5.61447286605835,5.164407730102539,4.32,XGB,2024-05-31
2024-06-03,BCFF11.SA,3,0,1,6,2,2024,8.69,8.64,8.603333333333333,8.68,ET,2024-05-31
2024-06-04,BCFF11.SA,4,1,1,6,2,2024,8.681740476190475,8.69,8.68449365079365,8.63,ET,2024-05-31
2024-06-05,BCFF11.SA,5,2,1,6,2,2024,8.634515476190476,8.681740476190475,8.650257142857141,8.62,ET,2024-05-31
2024-06-06,BCFF11.SA,6,3,1,6,2,2024,8.616699771062272,8.634515476190476,8.62263833943834,8.66,ET,2024-05-31
2024-06-07,BCFF11.SA,7,4,1,6,2,2024,8.655298431776558,8.616699771062272,8.642432211538463,8.67,ET,2024-05-31
2024-06-03,TAEE4.SA,3,0,1,6,2,2024,11.5,11.62,11.603333333333332,9.88,XGB,2024-05-31
2024-06-04,TAEE4.SA,4,1,1,6,2,2024,9.883810043334961,11.5,10.422540028889975,8.75,XGB,2024-05-31
2024-06-05,TAEE4.SA,5,2,1,6,2,2024,8.749659538269043,9.883810043334961,9.12770938873291,7.7,XGB,2024-05-31
2024-06-06,TAEE4.SA,6,3,1,6,2,2024,7.703799247741699,8.749659538269043,8.05241870880127,6.89,XGB,2024-05-31
2024-06-07,TAEE4.SA,7,4,1,6,2,2024,6.891613006591797,7.703799247741699,7.162342071533203,6.24,XGB,2024-05-31
2024-06-03,TAEE4.SA,3,0,1,6,2,2024,11.5,11.62,11.603333333333332,11.53,ET,2024-05-31
2024-06-04,TAEE4.SA,4,1,1,6,2,2024,11.533211036457503,11.5,11.522140690971668,11.56,ET,2024-05-31
2024-06-05,TAEE4.SA,5,2,1,6,2,2024,11.5575667796062,11.533211036457503,11.549448198556634,11.61,ET,2024-05-31
2024-06-06,TAEE4.SA,6,3,1,6,2,2024,11.612083422121374,11.5575667796062,11.59391120794965,11.65,ET,2024-05-31
2024-06-07,TAEE4.SA,7,4,1,6,2,2024,11.649639154930233,11.612083422121374,11.63712057732728,11.64,ET,2024-05-31
2024-06-03,EGIE3.SA,3,0,1,6,2,2024,43.34,43.64,43.589999999999996,35.08,XGB,2024-05-31
2024-06-04,EGIE3.SA,4,1,1,6,2,2024,35.076480865478516,43.34,37.830987243652345,31.21,XGB,2024-05-31
2024-06-05,EGIE3.SA,5,2,1,6,2,2024,31.209077835083008,35.076480865478516,32.49821090698242,27.92,XGB,2024-05-31
2024-06-06,EGIE3.SA,6,3,1,6,2,2024,27.918682098388672,31.209077835083008,29.01548194885254,25.27,XGB,2024-05-31
2024-06-07,EGIE3.SA,7,4,1,6,2,2024,25.267486572265625,27.918682098388672,26.151220321655273,22.96,XGB,2024-05-31
2024-06-03,EGIE3.SA,3,0,1,6,2,2024,43.34,43.64,43.589999999999996,43.62,ET,2024-05-31
2024-06-04,EGIE3.SA,4,1,1,6,2,2024,43.61602083333334,43.34,43.524013888888895,43.58,ET,2024-05-31
2024-06-05,EGIE3.SA,5,2,1,6,2,2024,43.57997916666666,43.61602083333334,43.591993055555555,43.6,ET,2024-05-31
2024-06-06,EGIE3.SA,6,3,1,6,2,2024,43.603458333333336,43.57997916666666,43.59563194444445,43.55,ET,2024-05-31
2024-06-07,EGIE3.SA,7,4,1,6,2,2024,43.551062499999986,43.603458333333336,43.568527777777774,43.34,ET,2024-05-31
2024-06-03,BBSE3.SA,3,0,1,6,2,2024,32.3,32.6,32.43666666666666,27.16,XGB,2024-05-31
2024-06-04,BBSE3.SA,4,1,1,6,2,2024,27.16265106201172,32.3,28.87510070800781,23.78,XGB,2024-05-31
2024-06-05,BBSE3.SA,5,2,1,6,2,2024,23.77787971496582,27.16265106201172,24.90613555908203,20.58,XGB,2024-05-31
2024-06-06,BBSE3.SA,6,3,1,6,2,2024,20.582529067993164,23.77787971496582,21.647645950317383,17.96,XGB,2024-05-31
2024-06-07,BBSE3.SA,7,4,1,6,2,2024,17.95992660522461,20.582529067993164,18.83412742614746,15.64,XGB,2024-05-31
2024-06-03,BBSE3.SA,3,0,1,6,2,2024,32.3,32.6,32.43666666666666,32.37,ET,2024-05-31
2024-06-04,BBSE3.SA,4,1,1,6,2,2024,32.36764404761905,32.3,32.34509603174603,32.53,ET,2024-05-31
2024-06-05,BBSE3.SA,5,2,1,6,2,2024,32.52659402427638,32.36764404761905,32.47361069872394,32.74,ET,2024-05-31
2024-06-06,BBSE3.SA,6,3,1,6,2,2024,32.74418132395586,32.52659402427638,32.6716522240627,32.79,ET,2024-05-31
2024-06-07,BBSE3.SA,7,4,1,6,2,2024,32.78583817304587,32.74418132395586,32.77195255668253,32.85,ET,2024-05-31
2024-06-03,CSMG3.SA,3,0,1,6,2,2024,20.15,20.2,20.213333333333335,16.78,XGB,2024-05-31
2024-06-04,CSMG3.SA,4,1,1,6,2,2024,16.783658981323242,20.15,17.905772654215493,15.52,XGB,2024-05-31
2024-06-05,CSMG3.SA,5,2,1,6,2,2024,15.516069412231445,16.783658981323242,15.9385986328125,13.44,XGB,2024-05-31
2024-06-06,CSMG3.SA,6,3,1,6,2,2024,13.437417984008789,15.516069412231445,14.130302429199219,11.78,XGB,2024-05-31
2024-06-07,CSMG3.SA,7,4,1,6,2,2024,11.783669471740723,13.437417984008789,12.334918975830078,10.29,XGB,2024-05-31
2024-06-03,CSMG3.SA,3,0,1,6,2,2024,20.15,20.2,20.213333333333335,20.16,ET,2024-05-31
2024-06-04,CSMG3.SA,4,1,1,6,2,2024,20.15984722222222,20.15,20.15656481481481,20.25,ET,2024-05-31
2024-06-05,CSMG3.SA,5,2,1,6,2,2024,20.24847222222222,20.15984722222222,20.218930555555552,20.24,ET,2024-05-31
2024-06-06,CSMG3.SA,6,3,1,6,2,2024,20.24065972222221,20.24847222222222,20.24326388888888,20.2,ET,2024-05-31
2024-06-07,CSMG3.SA,7,4,1,6,2,2024,20.19687222222222,20.24065972222221,20.21146805555555,20.23,ET,2024-05-31
2024-06-03,PETR4.SA,3,0,1,6,2,2024,38.79,37.75,38.11333333333333,31.1,XGB,2024-05-31
2024-06-04,PETR4.SA,4,1,1,6,2,2024,31.09775161743164,38.79,33.66183441162109,26.96,XGB,2024-05-31
2024-06-05,PETR4.SA,5,2,1,6,2,2024,26.957651138305664,31.09775161743164,28.337684631347656,25.04,XGB,2024-05-31
2024-06-06,PETR4.SA,6,3,1,6,2,2024,25.035152435302734,26.957651138305664,25.67598533630371,22.17,XGB,2024-05-31
2024-06-07,PETR4.SA,7,4,1,6,2,2024,22.165971755981445,25.035152435302734,23.122365951538086,19.49,XGB,2024-05-31
2024-06-03,PETR4.SA,3,0,1,6,2,2024,38.79,37.75,38.11333333333333,38.5,ET,2024-05-31
2024-06-04,PETR4.SA,4,1,1,6,2,2024,38.4953106060606,38.79,38.5935404040404,38.4,ET,2024-05-31
2024-06-05,PETR4.SA,5,2,1,6,2,2024,38.40168143939394,38.4953106060606,38.43289116161616,38.26,ET,2024-05-31
2024-06-06,PETR4.SA,6,3,1,6,2,2024,38.2615606060606,38.40168143939394,38.30826755050504,38.21,ET,2024-05-31
2024-06-07,PETR4.SA,7,4,1,6,2,2024,38.20507727272727,38.2615606060606,38.223905050505046,37.99,ET,2024-05-31
2024-06-03,BRSR6.SA,3,0,1,6,2,2024,10.89,11.11,11.066666666666663,9.45,XGB,2024-05-31
2024-06-04,BRSR6.SA,4,1,1,6,2,2024,9.446073532104492,10.89,9.927382354736329,8.32,XGB,2024-05-31
2024-06-05,BRSR6.SA,5,2,1,6,2,2024,8.324281692504883,9.446073532104492,8.698212623596191,7.28,XGB,2024-05-31
2024-06-06,BRSR6.SA,6,3,1,6,2,2024,7.278318881988525,8.324281692504883,7.626972675323486,6.37,XGB,2024-05-31
2024-06-07,BRSR6.SA,7,4,1,6,2,2024,6.374950885772705,7.278318881988525,6.6760735511779785,5.59,XGB,2024-05-31
2024-06-03,BRSR6.SA,3,0,1,6,2,2024,10.89,11.11,11.066666666666663,10.94,ET,2024-05-31
2024-06-04,BRSR6.SA,4,1,1,6,2,2024,10.9358490579089,10.89,10.920566038605934,11.03,ET,2024-05-31
2024-06-05,BRSR6.SA,5,2,1,6,2,2024,11.027738994281654,10.9358490579089,10.997109015490736,11.1,ET,2024-05-31
2024-06-06,BRSR6.SA,6,3,1,6,2,2024,11.101533993668564,11.027738994281654,11.076935660539595,11.09,ET,2024-05-31
2024-06-07,BRSR6.SA,7,4,1,6,2,2024,11.085661910741093,11.101533993668564,11.09095260505025,11.09,ET,2024-05-31
2024-06-04,BOVA11.SA,4,1,1,6,2,2024,118.44,118.66,118.74000000000001,101.06,XGB,2024-06-03
2024-06-05,BOVA11.SA,5,2,1,6,2,2024,101.06285858154297,118.44,106.85523905436197,87.5,XGB,2024-06-03
2024-06-06,BOVA11.SA,6,3,1,6,2,2024,87.50469970703125,101.06285858154297,92.02408599853516,73.98,XGB,2024-06-03
2024-06-07,BOVA11.SA,7,4,1,6,2,2024,73.98432922363281,87.50469970703125,78.49111938476562,65.32,XGB,2024-06-03
2024-06-10,BOVA11.SA,10,0,2,6,2,2024,65.32274627685547,73.98432922363281,68.2099380493164,57.26,XGB,2024-06-03
2024-06-11,BOVA11.SA,11,1,2,6,2,2024,57.25602340698242,65.32274627685547,59.94493103027344,49.86,XGB,2024-06-03
2024-06-04,BOVA11.SA,4,1,1,6,2,2024,118.44,118.66,118.74000000000001,118.03,ET,2024-06-03
2024-06-05,BOVA11.SA,5,2,1,6,2,2024,118.03462202380952,118.44,118.169748015873,117.25,ET,2024-06-03
2024-06-06,BOVA11.SA,6,3,1,6,2,2024,117.24755586774336,118.03462202380952,117.50991125309874,116.72,ET,2024-06-03
2024-06-07,BOVA11.SA,7,4,1,6,2,2024,116.72306050269177,117.24755586774336,116.8978922910423,116.24,ET,2024-06-03
2024-06-10,BOVA11.SA,10,0,2,6,2,2024,116.2359727759352,116.72306050269177,116.39833535152071,116.12,ET,2024-06-03
2024-06-11,BOVA11.SA,11,1,2,6,2,2024,116.122706806561,116.2359727759352,116.16046212968574,115.92,ET,2024-06-03
2024-06-04,BCFF11.SA,4,1,1,6,2,2024,8.73,8.69,8.686666666666666,7.41,XGB,2024-06-03
2024-06-05,BCFF11.SA,5,2,1,6,2,2024,7.412999153137207,8.73,7.851999435424805,6.52,XGB,2024-06-03
2024-06-06,BCFF11.SA,6,3,1,6,2,2024,6.517803192138672,7.412999153137207,6.816201686859131,5.62,XGB,2024-06-03
2024-06-07,BCFF11.SA,7,4,1,6,2,2024,5.623793125152588,6.517803192138672,5.9217963218688965,4.94,XGB,2024-06-03
2024-06-10,BCFF11.SA,10,0,2,6,2,2024,4.94049596786499,5.623793125152588,5.168262004852295,4.32,XGB,2024-06-03
2024-06-11,BCFF11.SA,11,1,2,6,2,2024,4.322174549102783,4.94049596786499,4.5282816886901855,3.84,XGB,2024-06-03
2024-06-04,BCFF11.SA,4,1,1,6,2,2024,8.73,8.69,8.686666666666666,8.69,ET,2024-06-03
2024-06-05,BCFF11.SA,5,2,1,6,2,2024,8.685985745614035,8.73,8.70065716374269,8.67,ET,2024-06-03
2024-06-06,BCFF11.SA,6,3,1,6,2,2024,8.670043483709275,8.685985745614035,8.675357571010862,8.65,ET,2024-06-03
2024-06-07,BCFF11.SA,7,4,1,6,2,2024,8.647089912280702,8.670043483709275,8.654741102756892,8.61,ET,2024-06-03
2024-06-10,BCFF11.SA,10,0,2,6,2,2024,8.606841102756892,8.647089912280702,8.620257372598163,8.64,ET,2024-06-03
2024-06-11,BCFF11.SA,11,1,2,6,2,2024,8.63747494351409,8.606841102756892,8.62726366326169,8.68,ET,2024-06-03
2024-06-04,TAEE4.SA,4,1,1,6,2,2024,11.49,11.5,11.536666666666667,9.89,XGB,2024-06-03
2024-06-05,TAEE4.SA,5,2,1,6,2,2024,9.886563301086426,11.49,10.421042200724285,8.74,XGB,2024-06-03
2024-06-06,TAEE4.SA,6,3,1,6,2,2024,8.740365982055664,9.886563301086426,9.122431755065918,7.7,XGB,2024-06-03
2024-06-07,TAEE4.SA,7,4,1,6,2,2024,7.701775550842285,8.740365982055664,8.047972679138184,6.89,XGB,2024-06-03
2024-06-10,TAEE4.SA,10,0,2,6,2,2024,6.890137195587158,7.701775550842285,7.1606831550598145,6.24,XGB,2024-06-03
2024-06-11,TAEE4.SA,11,1,2,6,2,2024,6.2425642013549805,6.890137195587158,6.4584221839904785,5.5,XGB,2024-06-03
2024-06-04,TAEE4.SA,4,1,1,6,2,2024,11.49,11.5,11.536666666666667,11.51,ET,2024-06-03
2024-06-05,TAEE4.SA,5,2,1,6,2,2024,11.5126553869706,11.49,11.505103591313734,11.51,ET,2024-06-03
2024-06-06,TAEE4.SA,6,3,1,6,2,2024,11.51047902595174,11.5126553869706,11.511204479624693,11.52,ET,2024-06-03
2024-06-07,TAEE4.SA,7,4,1,6,2,2024,11.516926049761263,11.51047902595174,11.514777041824757,11.52,ET,2024-06-03
2024-06-10,TAEE4.SA,10,0,2,6,2,2024,11.518387656904121,11.516926049761263,11.517900454523167,11.52,ET,2024-06-03
2024-06-11,TAEE4.SA,11,1,2,6,2,2024,11.524049115237453,11.518387656904121,11.522161962459677,11.55,ET,2024-06-03
2024-06-04,EGIE3.SA,4,1,1,6,2,2024,44.01,43.34,43.663333333333334,35.12,XGB,2024-06-03
2024-06-05,EGIE3.SA,5,2,1,6,2,2024,35.117210388183594,44.01,38.08147359212239,31.29,XGB,2024-06-03
2024-06-06,EGIE3.SA,6,3,1,6,2,2024,31.292695999145508,35.117210388183594,32.56753158569336,27.92,XGB,2024-06-03
2024-06-07,EGIE3.SA,7,4,1,6,2,2024,27.9166259765625,31.292695999145508,29.041982650756836,25.19,XGB,2024-06-03
2024-06-10,EGIE3.SA,10,0,2,6,2,2024,25.19451904296875,27.9166259765625,26.10188865661621,22.56,XGB,2024-06-03
2024-06-11,EGIE3.SA,11,1,2,6,2,2024,22.559797286987305,25.19451904296875,23.438039779663086,20.17,XGB,2024-06-03
2024-06-04,EGIE3.SA,4,1,1,6,2,2024,44.01,43.34,43.663333333333334,43.99,ET,2024-06-03
2024-06-05,EGIE3.SA,5,2,1,6,2,2024,43.99154374999999,44.01,43.99769583333333,43.99,ET,2024-06-03
2024-06-06,EGIE3.SA,6,3,1,6,2,2024,43.990189087301594,43.99154374999999,43.99064064153439,43.96,ET,2024-06-03
2024-06-07,EGIE3.SA,7,4,1,6,2,2024,43.96039742063492,43.990189087301594,43.97032797619048,43.57,ET,2024-06-03
2024-06-10,EGIE3.SA,10,0,2,6,2,2024,43.5672986111111,43.96039742063492,43.698331547619034,43.96,ET,2024-06-03
2024-06-11,EGIE3.SA,11,1,2,6,2,2024,43.958043749999995,43.5672986111111,43.82779537037036,44.1,ET,2024-06-03
2024-06-04,BBSE3.SA,4,1,1,6,2,2024,32.18,32.3,32.35999999999999,27.16,XGB,2024-06-03
2024-06-05,BBSE3.SA,5,2,1,6,2,2024,27.156579971313477,32.18,28.831053314208987,23.82,XGB,2024-06-03
2024-06-06,BBSE3.SA,6,3,1,6,2,2024,23.81692886352539,27.156579971313477,24.930145263671875,20.58,XGB,2024-06-03
2024-06-07,BBSE3.SA,7,4,1,6,2,2024,20.584091186523438,23.81692886352539,21.66170310974121,17.96,XGB,2024-06-03
2024-06-10,BBSE3.SA,10,0,2,6,2,2024,17.955530166625977,20.584091186523438,18.831716537475586,15.65,XGB,2024-06-03
2024-06-11,BBSE3.SA,11,1,2,6,2,2024,15.649744987487793,17.955530166625977,16.4183406829834,13.57,XGB,2024-06-03
2024-06-04,BBSE3.SA,4,1,1,6,2,2024,32.18,32.3,32.35999999999999,32.19,ET,2024-06-03
2024-06-05,BBSE3.SA,5,2,1,6,2,2024,32.19214166666667,32.18,32.188094444444445,32.27,ET,2024-06-03
2024-06-06,BBSE3.SA,6,3,1,6,2,2024,32.268766666666664,32.19214166666667,32.243225,32.36,ET,2024-06-03
2024-06-07,BBSE3.SA,7,4,1,6,2,2024,32.35973333333333,32.268766666666664,32.32941111111111,32.51,ET,2024-06-03
2024-06-10,BBSE3.SA,10,0,2,6,2,2024,32.50967083333334,32.35973333333333,32.459691666666664,32.49,ET,2024-06-03
2024-06-11,BBSE3.SA,11,1,2,6,2,2024,32.49099027777778,32.50967083333334,32.49721712962964,32.45,ET,2024-06-03
2024-06-04,CSMG3.SA,4,1,1,6,2,2024,20.19,20.15,20.18,16.79,XGB,2024-06-03
2024-06-05,CSMG3.SA,5,2,1,6,2,2024,16.7869873046875,20.19,17.921324869791665,15.5,XGB,2024-06-03
2024-06-06,CSMG3.SA,6,3,1,6,2,2024,15.496545791625977,16.7869873046875,15.926692008972168,13.43,XGB,2024-06-03
2024-06-07,CSMG3.SA,7,4,1,6,2,2024,13.429046630859375,15.496545791625977,14.118212699890137,11.79,XGB,2024-06-03
2024-06-10,CSMG3.SA,10,0,2,6,2,2024,11.79388427734375,13.429046630859375,12.33893871307373,10.28,XGB,2024-06-03
2024-06-11,CSMG3.SA,11,1,2,6,2,2024,10.28105640411377,11.79388427734375,10.785331726074219,8.76,XGB,2024-06-03
2024-06-04,CSMG3.SA,4,1,1,6,2,2024,20.19,20.15,20.18,20.23,ET,2024-06-03
2024-06-05,CSMG3.SA,5,2,1,6,2,2024,20.227861259920637,20.19,20.215240839947093,20.25,ET,2024-06-03
2024-06-06,CSMG3.SA,6,3,1,6,2,2024,20.245426830096072,20.227861259920637,20.239571640037592,20.24,ET,2024-06-03
2024-06-07,CSMG3.SA,7,4,1,6,2,2024,20.242530996762742,20.245426830096072,20.24349627454052,20.23,ET,2024-06-03
2024-06-10,CSMG3.SA,10,0,2,6,2,2024,20.22659349676274,20.242530996762742,20.23190599676274,20.35,ET,2024-06-03
2024-06-11,CSMG3.SA,11,1,2,6,2,2024,20.353773759920635,20.22659349676274,20.311380338868002,20.38,ET,2024-06-03
2024-06-04,PETR4.SA,4,1,1,6,2,2024,38.58,38.79,38.37333333333333,31.13,XGB,2024-06-03
2024-06-05,PETR4.SA,5,2,1,6,2,2024,31.12795639038086,38.58,33.61197092692057,27.28,XGB,2024-06-03
2024-06-06,PETR4.SA,6,3,1,6,2,2024,27.28162384033203,31.12795639038086,28.563735961914062,25.66,XGB,2024-06-03
2024-06-07,PETR4.SA,7,4,1,6,2,2024,25.660612106323242,27.28162384033203,26.200950622558594,22.49,XGB,2024-06-03
2024-06-10,PETR4.SA,10,0,2,6,2,2024,22.486202239990234,25.660612106323242,23.544336318969727,19.55,XGB,2024-06-03
2024-06-11,PETR4.SA,11,1,2,6,2,2024,19.54807472229004,22.486202239990234,20.527450561523438,17.02,XGB,2024-06-03
2024-06-04,PETR4.SA,4,1,1,6,2,2024,38.58,38.79,38.37333333333333,38.42,ET,2024-06-03
2024-06-05,PETR4.SA,5,2,1,6,2,2024,38.4159019338118,38.58,38.47060128920787,38.59,ET,2024-06-03
2024-06-06,PETR4.SA,6,3,1,6,2,2024,38.58619360047847,38.4159019338118,38.52942971158958,38.56,ET,2024-06-03
2024-06-07,PETR4.SA,7,4,1,6,2,2024,38.55736026714513,38.58619360047847,38.56697137825624,38.18,ET,2024-06-03
2024-06-10,PETR4.SA,10,0,2,6,2,2024,38.17995610047847,38.55736026714513,38.30575748936736,38.16,ET,2024-06-03
2024-06-11,PETR4.SA,11,1,2,6,2,2024,38.16269776714513,38.17995610047847,38.16845054492291,38.23,ET,2024-06-03
2024-06-04,BRSR6.SA,4,1,1,6,2,2024,11.44,10.89,11.146666666666663,9.75,XGB,2024-06-03
2024-06-05,BRSR6.SA,5,2,1,6,2,2024,9.754867553710938,11.44,10.316578369140624,8.7,XGB,2024-06-03
2024-06-06,BRSR6.SA,6,3,1,6,2,2024,8.702757835388184,9.754867553710938,9.053462028503418,7.59,XGB,2024-06-03
2024-06-07,BRSR6.SA,7,4,1,6,2,2024,7.588334560394287,8.702757835388184,7.959808826446533,6.64,XGB,2024-06-03
2024-06-10,BRSR6.SA,10,0,2,6,2,2024,6.636585235595703,7.588334560394287,6.9538350105285645,5.87,XGB,2024-06-03
2024-06-11,BRSR6.SA,11,1,2,6,2,2024,5.86950159072876,6.636585235595703,6.1251959800720215,5.21,XGB,2024-06-03
2024-06-04,BRSR6.SA,4,1,1,6,2,2024,11.44,10.89,11.146666666666663,11.32,ET,2024-06-03
2024-06-05,BRSR6.SA,5,2,1,6,2,2024,11.31622968249214,11.44,11.357486454994762,11.21,ET,2024-06-03
2024-06-06,BRSR6.SA,6,3,1,6,2,2024,11.211725688199278,11.31622968249214,11.246560352963565,11.1,ET,2024-06-03
2024-06-07,BRSR6.SA,7,4,1,6,2,2024,11.097597985762846,11.211725688199278,11.135640553241657,11.05,ET,2024-06-03
2024-06-10,BRSR6.SA,10,0,2,6,2,2024,11.047891768449615,11.097597985762846,11.064460507554026,11.1,ET,2024-06-03
2024-06-11,BRSR6.SA,11,1,2,6,2,2024,11.09746010101299,11.047891768449615,11.080937323491865,11.02,ET,2024-06-03
2024-06-05,BOVA11.SA,5,2,1,6,2,2024,118.16,118.44,118.42000000000002,101.18,XGB,2024-06-04
2024-06-06,BOVA11.SA,6,3,1,6,2,2024,101.1785888671875,118.16,106.83905924479166,87.55,XGB,2024-06-04
2024-06-07,BOVA11.SA,7,4,1,6,2,2024,87.54669952392578,101.1785888671875,92.09066009521484,74.21,XGB,2024-06-04
2024-06-10,BOVA11.SA,10,0,2,6,2,2024,74.2061538696289,87.54669952392578,78.65300750732422,65.98,XGB,2024-06-04
2024-06-11,BOVA11.SA,11,1,2,6,2,2024,65.97755432128906,74.2061538696289,68.72042083740234,58.33,XGB,2024-06-04
2024-06-12,BOVA11.SA,12,2,2,6,2,2024,58.33060073852539,65.97755432128906,60.879581451416016,50.66,XGB,2024-06-04
2024-06-05,BOVA11.SA,5,2,1,6,2,2024,118.16,118.44,118.42000000000002,117.6,ET,2024-06-04
2024-06-06,BOVA11.SA,6,3,1,6,2,2024,117.60467234428586,118.16,117.78978156285723,116.88,ET,2024-06-04
2024-06-07,BOVA11.SA,7,4,1,6,2,2024,116.87899866553406,117.60467234428586,117.12088989178466,116.45,ET,2024-06-04
2024-06-10,BOVA11.SA,10,0,2,6,2,2024,116.45048343735941,116.87899866553406,116.59332184675095,116.33,ET,2024-06-04
2024-06-11,BOVA11.SA,11,1,2,6,2,2024,116.33252410739894,116.45048343735941,116.37184388405244,115.79,ET,2024-06-04
2024-06-12,BOVA11.SA,12,2,2,6,2,2024,115.78712566917048,116.33252410739894,115.96892514857996,115.44,ET,2024-06-04
2024-06-05,BCFF11.SA,5,2,1,6,2,2024,8.72,8.73,8.713333333333333,7.42,XGB,2024-06-04
2024-06-06,BCFF11.SA,6,3,1,6,2,2024,7.415329456329346,8.72,7.850219637552897,6.52,XGB,2024-06-04
2024-06-07,BCFF11.SA,7,4,1,6,2,2024,6.518360614776611,7.415329456329346,6.817350387573242,5.63,XGB,2024-06-04
2024-06-10,BCFF11.SA,10,0,2,6,2,2024,5.629476547241211,6.518360614776611,5.925771236419678,4.94,XGB,2024-06-04
2024-06-11,BCFF11.SA,11,1,2,6,2,2024,4.940637111663818,5.629476547241211,5.170250415802002,4.32,XGB,2024-06-04
2024-06-12,BCFF11.SA,12,2,2,6,2,2024,4.3217058181762695,4.940637111663818,4.528016090393066,3.84,XGB,2024-06-04
2024-06-05,BCFF11.SA,5,2,1,6,2,2024,8.72,8.73,8.713333333333333,8.7,ET,2024-06-04
2024-06-06,BCFF11.SA,6,3,1,6,2,2024,8.698167869582047,8.72,8.705445246388033,8.69,ET,2024-06-04
2024-06-07,BCFF11.SA,7,4,1,6,2,2024,8.689872036248714,8.698167869582047,8.692637314026491,8.7,ET,2024-06-04
2024-06-10,BCFF11.SA,10,0,2,6,2,2024,8.700013139005604,8.689872036248714,8.696632771419972,8.7,ET,2024-06-04
2024-06-11,BCFF11.SA,11,1,2,6,2,2024,8.701606889005605,8.700013139005604,8.701075639005603,8.69,ET,2024-06-04
2024-06-12,BCFF11.SA,12,2,2,6,2,2024,8.69481522233894,8.701606889005605,8.69707911122783,8.69,ET,2024-06-04
2024-06-05,TAEE4.SA,5,2,1,6,2,2024,11.48,11.49,11.49,9.89,XGB,2024-06-04
2024-06-06,TAEE4.SA,6,3,1,6,2,2024,9.885157585144043,11.48,10.416771723429362,8.73,XGB,2024-06-04
2024-06-07,TAEE4.SA,7,4,1,6,2,2024,8.7344970703125,9.885157585144043,9.118050575256348,7.7,XGB,2024-06-04
2024-06-10,TAEE4.SA,10,0,2,6,2,2024,7.696046352386475,8.7344970703125,8.042197227478027,6.9,XGB,2024-06-04
2024-06-11,TAEE4.SA,11,1,2,6,2,2024,6.901902198791504,7.696046352386475,7.166616916656494,6.24,XGB,2024-06-04
2024-06-12,TAEE4.SA,12,2,2,6,2,2024,6.2397565841674805,6.901902198791504,6.460472106933594,5.51,XGB,2024-06-04
2024-06-05,TAEE4.SA,5,2,1,6,2,2024,11.48,11.49,11.49,11.47,ET,2024-06-04
2024-06-06,TAEE4.SA,6,3,1,6,2,2024,11.466185535661666,11.48,11.470790357107779,11.44,ET,2024-06-04
2024-06-07,TAEE4.SA,7,4,1,6,2,2024,11.443102557893699,11.466185535661666,11.450796883816354,11.41,ET,2024-06-04
2024-06-10,TAEE4.SA,10,0,2,6,2,2024,11.408836427631526,11.443102557893699,11.42025847105225,11.4,ET,2024-06-04
2024-06-11,TAEE4.SA,11,1,2,6,2,2024,11.398965260154377,11.408836427631526,11.402255649313426,11.38,ET,2024-06-04
2024-06-12,TAEE4.SA,12,2,2,6,2,2024,11.38320442986374,11.398965260154377,11.388458039960618,11.38,ET,2024-06-04
2024-06-05,EGIE3.SA,5,2,1,6,2,2024,44.08,44.01,43.809999999999995,35.12,XGB,2024-06-04
2024-06-06,EGIE3.SA,6,3,1,6,2,2024,35.11916732788086,44.08,38.10611155192057,31.27,XGB,2024-06-04
2024-06-07,EGIE3.SA,7,4,1,6,2,2024,31.267335891723633,35.11916732788086,32.5512809753418,27.95,XGB,2024-06-04
2024-06-10,EGIE3.SA,10,0,2,6,2,2024,27.945344924926758,31.267335891723633,29.052675247192383,25.28,XGB,2024-06-04
2024-06-11,EGIE3.SA,11,1,2,6,2,2024,25.283985137939453,27.945344924926758,26.171106338500977,22.9,XGB,2024-06-04
2024-06-12,EGIE3.SA,12,2,2,6,2,2024,22.9022159576416,25.283985137939453,23.696138381958008,20.25,XGB,2024-06-04
2024-06-05,EGIE3.SA,5,2,1,6,2,2024,44.08,44.01,43.809999999999995,43.92,ET,2024-06-04
2024-06-06,EGIE3.SA,6,3,1,6,2,2024,43.923940277777774,44.08,43.97596018518518,44.02,ET,2024-06-04
2024-06-07,EGIE3.SA,7,4,1,6,2,2024,44.02315486111111,43.923940277777774,43.99008333333333,43.73,ET,2024-06-04
2024-06-10,EGIE3.SA,10,0,2,6,2,2024,43.72562708333331,44.02315486111111,43.824803009259234,43.91,ET,2024-06-04
2024-06-11,EGIE3.SA,11,1,2,6,2,2024,43.90614345238096,43.72562708333331,43.84597132936508,44.02,ET,2024-06-04
2024-06-12,EGIE3.SA,12,2,2,6,2,2024,44.02081438492065,43.90614345238096,43.982590740740754,44.12,ET,2024-06-04
2024-06-05,BBSE3.SA,5,2,1,6,2,2024,32.59,32.18,32.35666666666666,27.16,XGB,2024-06-04
2024-06-06,BBSE3.SA,6,3,1,6,2,2024,27.158946990966797,32.59,28.969297993977865,23.77,XGB,2024-06-04
2024-06-07,BBSE3.SA,7,4,1,6,2,2024,23.771636962890625,27.158946990966797,24.900741577148438,20.58,XGB,2024-06-04
2024-06-10,BBSE3.SA,10,0,2,6,2,2024,20.578428268432617,23.771636962890625,21.642831802368164,17.96,XGB,2024-06-04
2024-06-11,BBSE3.SA,11,1,2,6,2,2024,17.96323013305664,20.578428268432617,18.834962844848633,15.66,XGB,2024-06-04
2024-06-12,BBSE3.SA,12,2,2,6,2,2024,15.66150951385498,17.96323013305664,16.42875099182129,13.57,XGB,2024-06-04
2024-06-05,BBSE3.SA,5,2,1,6,2,2024,32.59,32.18,32.35666666666666,32.67,ET,2024-06-04
2024-06-06,BBSE3.SA,6,3,1,6,2,2024,32.66910834514783,32.59,32.64273889676522,32.74,ET,2024-06-04
2024-06-07,BBSE3.SA,7,4,1,6,2,2024,32.73523237622213,32.66910834514783,32.713191032530695,32.74,ET,2024-06-04
2024-06-10,BBSE3.SA,10,0,2,6,2,2024,32.74268723733324,32.73523237622213,32.740202283629536,32.88,ET,2024-06-04
2024-06-11,BBSE3.SA,11,1,2,6,2,2024,32.880828546857046,32.74268723733324,32.834781443682445,32.79,ET,2024-06-04
2024-06-12,BBSE3.SA,12,2,2,6,2,2024,32.79018656092631,32.880828546857046,32.82040055623656,32.77,ET,2024-06-04
2024-06-05,CSMG3.SA,5,2,1,6,2,2024,20.39,20.19,20.243333333333336,16.8,XGB,2024-06-04
2024-06-06,CSMG3.SA,6,3,1,6,2,2024,16.795133590698242,20.39,17.993422393798827,15.52,XGB,2024-06-04
2024-06-07,CSMG3.SA,7,4,1,6,2,2024,15.520185470581055,16.795133590698242,15.945167541503906,13.44,XGB,2024-06-04
2024-06-10,CSMG3.SA,10,0,2,6,2,2024,13.436307907104492,15.520185470581055,14.130932807922363,11.79,XGB,2024-06-04
2024-06-11,CSMG3.SA,11,1,2,6,2,2024,11.791183471679688,13.436307907104492,12.339558601379395,10.28,XGB,2024-06-04
2024-06-12,CSMG3.SA,12,2,2,6,2,2024,10.277336120605469,11.791183471679688,10.781951904296875,8.75,XGB,2024-06-04
2024-06-05,CSMG3.SA,5,2,1,6,2,2024,20.39,20.19,20.243333333333336,20.35,ET,2024-06-04
2024-06-06,CSMG3.SA,6,3,1,6,2,2024,20.34902083333333,20.39,20.362680555555553,20.41,ET,2024-06-04
2024-06-07,CSMG3.SA,7,4,1,6,2,2024,20.41415640172735,20.34902083333333,20.39244454559601,20.42,ET,2024-06-04
2024-06-10,CSMG3.SA,10,0,2,6,2,2024,20.42298993347338,20.41415640172735,20.42004542289137,20.65,ET,2024-06-04
2024-06-11,CSMG3.SA,11,1,2,6,2,2024,20.647832336048456,20.42298993347338,20.57288486852343,20.7,ET,2024-06-04
2024-06-12,CSMG3.SA,12,2,2,6,2,2024,20.70239953038233,20.647832336048456,20.684210465604373,20.69,ET,2024-06-04
2024-06-05,PETR4.SA,5,2,1,6,2,2024,38.15,38.58,38.50666666666666,31.14,XGB,2024-06-04
2024-06-06,PETR4.SA,6,3,1,6,2,2024,31.140775680541992,38.15,33.477183787028,27.3,XGB,2024-06-04
2024-06-07,PETR4.SA,7,4,1,6,2,2024,27.301578521728516,31.140775680541992,28.581308364868164,25.64,XGB,2024-06-04
2024-06-10,PETR4.SA,10,0,2,6,2,2024,25.642732620239258,27.301578521728516,26.195680618286133,22.48,XGB,2024-06-04
2024-06-11,PETR4.SA,11,1,2,6,2,2024,22.476011276245117,25.642732620239258,23.531585693359375,19.55,XGB,2024-06-04
2024-06-12,PETR4.SA,12,2,2,6,2,2024,19.551185607910156,22.476011276245117,20.5261287689209,17.02,XGB,2024-06-04
2024-06-05,PETR4.SA,5,2,1,6,2,2024,38.15,38.58,38.50666666666666,38.07,ET,2024-06-04
2024-06-06,PETR4.SA,6,3,1,6,2,2024,38.07352083333334,38.15,38.09901388888889,37.78,ET,2024-06-04
2024-06-07,PETR4.SA,7,4,1,6,2,2024,37.7834625,38.07352083333334,37.88014861111112,36.69,ET,2024-06-04
2024-06-10,PETR4.SA,10,0,2,6,2,2024,36.686400000000006,37.7834625,37.052087500000006,36.63,ET,2024-06-04
2024-06-11,PETR4.SA,11,1,2,6,2,2024,36.62709230769231,36.686400000000006,36.64686153846154,36.59,ET,2024-06-04
2024-06-12,PETR4.SA,12,2,2,6,2,2024,36.588933974358966,36.62709230769231,36.601653418803416,36.61,ET,2024-06-04
2024-06-05,BRSR6.SA,5,2,1,6,2,2024,11.31,11.44,11.213333333333331,9.68,XGB,2024-06-04
2024-06-06,BRSR6.SA,6,3,1,6,2,2024,9.679522514343262,11.31,10.223015009562175,8.61,XGB,2024-06-04
2024-06-07,BRSR6.SA,7,4,1,6,2,2024,8.606420516967773,9.679522514343262,8.964120864868164,7.57,XGB,2024-06-04
2024-06-10,BRSR6.SA,10,0,2,6,2,2024,7.566539287567139,8.606420516967773,7.913166522979736,6.64,XGB,2024-06-04
2024-06-11,BRSR6.SA,11,1,2,6,2,2024,6.636904716491699,7.566539287567139,6.94678258895874,5.87,XGB,2024-06-04
2024-06-12,BRSR6.SA,12,2,2,6,2,2024,5.867226600646973,6.636904716491699,6.123785495758057,5.21,XGB,2024-06-04
2024-06-05,BRSR6.SA,5,2,1,6,2,2024,11.31,11.44,11.213333333333331,11.25,ET,2024-06-04
2024-06-06,BRSR6.SA,6,3,1,6,2,2024,11.24978117853323,11.31,11.26985411902215,11.19,ET,2024-06-04
2024-06-07,BRSR6.SA,7,4,1,6,2,2024,11.191156588847743,11.24978117853323,11.210698118742906,11.12,ET,2024-06-04
2024-06-10,BRSR6.SA,10,0,2,6,2,2024,11.115653897545238,11.191156588847743,11.14082146131274,11.1,ET,2024-06-04
2024-06-11,BRSR6.SA,11,1,2,6,2,2024,11.096224597256136,11.115653897545238,11.102701030685836,11.04,ET,2024-06-04
2024-06-12,BRSR6.SA,12,2,2,6,2,2024,11.043776457682661,11.096224597256136,11.06125917087382,11.02,ET,2024-06-04
2024-06-06,BOVA11.SA,6,3,1,6,2,2024,117.9,118.16,118.16666666666667,100.94,XGB,2024-06-05
2024-06-07,BOVA11.SA,7,4,1,6,2,2024,100.94377899169922,117.9,106.59585266113281,87.53,XGB,2024-06-05
2024-06-10,BOVA11.SA,10,0,2,6,2,2024,87.53217315673828,100.94377899169922,92.0027084350586,74.15,XGB,2024-06-05
2024-06-11,BOVA11.SA,11,1,2,6,2,2024,74.15440368652344,87.53217315673828,78.61366271972656,65.16,XGB,2024-06-05
2024-06-12,BOVA11.SA,12,2,2,6,2,2024,65.1614990234375,74.15440368652344,68.15913391113281,57.23,XGB,2024-06-05
2024-06-13,BOVA11.SA,13,3,2,6,2,2024,57.22922134399414,65.1614990234375,59.87331008911133,49.82,XGB,2024-06-05
2024-06-06,BOVA11.SA,6,3,1,6,2,2024,117.9,118.16,118.16666666666667,117.53,ET,2024-06-05
2024-06-07,BOVA11.SA,7,4,1,6,2,2024,117.52546134698639,117.9,117.65030756465758,117.25,ET,2024-06-05
2024-06-10,BOVA11.SA,10,0,2,6,2,2024,117.2476807914308,117.52546134698639,117.34027430994934,117.63,ET,2024-06-05
2024-06-11,BOVA11.SA,11,1,2,6,2,2024,117.63069206349209,117.2476807914308,117.50302163947167,117.59,ET,2024-06-05
2024-06-12,BOVA11.SA,12,2,2,6,2,2024,117.59064044150298,117.63069206349209,117.60399098216601,117.07,ET,2024-06-05
2024-06-13,BOVA11.SA,13,3,2,6,2,2024,117.07102889749142,117.59064044150298,117.24423274549527,117.38,ET,2024-06-05
2024-06-06,BCFF11.SA,6,3,1,6,2,2024,8.7,8.72,8.716666666666667,7.42,XGB,2024-06-05
2024-06-07,BCFF11.SA,7,4,1,6,2,2024,7.415867805480957,8.7,7.843911870320638,6.52,XGB,2024-06-05
2024-06-10,BCFF11.SA,10,0,2,6,2,2024,6.518678665161133,7.415867805480957,6.817741394042969,5.62,XGB,2024-06-05
2024-06-11,BCFF11.SA,11,1,2,6,2,2024,5.623207092285156,6.518678665161133,5.921697616577148,4.94,XGB,2024-06-05
2024-06-12,BCFF11.SA,12,2,2,6,2,2024,4.936132431030273,5.623207092285156,5.165157318115234,4.32,XGB,2024-06-05
2024-06-13,BCFF11.SA,13,3,2,6,2,2024,4.321797847747803,4.936132431030273,4.526576519012451,3.84,XGB,2024-06-05
2024-06-06,BCFF11.SA,6,3,1,6,2,2024,8.7,8.72,8.716666666666667,8.69,ET,2024-06-05
2024-06-07,BCFF11.SA,7,4,1,6,2,2024,8.685566666666663,8.7,8.690377777777774,8.69,ET,2024-06-05
2024-06-10,BCFF11.SA,10,0,2,6,2,2024,8.687733333333332,8.685566666666663,8.68701111111111,8.69,ET,2024-06-05
2024-06-11,BCFF11.SA,11,1,2,6,2,2024,8.693646153846153,8.687733333333332,8.691675213675213,8.69,ET,2024-06-05
2024-06-12,BCFF11.SA,12,2,2,6,2,2024,8.694329487179488,8.693646153846153,8.694101709401709,8.69,ET,2024-06-05
2024-06-13,BCFF11.SA,13,3,2,6,2,2024,8.688329487179486,8.694329487179488,8.690329487179488,8.69,ET,2024-06-05
2024-06-06,TAEE4.SA,6,3,1,6,2,2024,11.4,11.48,11.456666666666665,9.86,XGB,2024-06-05
2024-06-07,TAEE4.SA,7,4,1,6,2,2024,9.86151123046875,11.4,10.374340820312499,8.71,XGB,2024-06-05
2024-06-10,TAEE4.SA,10,0,2,6,2,2024,8.713869094848633,9.86151123046875,9.096416473388672,7.7,XGB,2024-06-05
2024-06-11,TAEE4.SA,11,1,2,6,2,2024,7.697046756744385,8.713869094848633,8.03598690032959,6.9,XGB,2024-06-05
2024-06-12,TAEE4.SA,12,2,2,6,2,2024,6.901155948638916,7.697046756744385,7.166452884674072,6.24,XGB,2024-06-05
2024-06-13,TAEE4.SA,13,3,2,6,2,2024,6.237993240356445,6.901155948638916,6.459047317504883,5.51,XGB,2024-06-05
2024-06-06,TAEE4.SA,6,3,1,6,2,2024,11.4,11.48,11.456666666666665,11.38,ET,2024-06-05
2024-06-07,TAEE4.SA,7,4,1,6,2,2024,11.383331716743518,11.4,11.388887811162347,11.38,ET,2024-06-05
2024-06-10,TAEE4.SA,10,0,2,6,2,2024,11.378784679383333,11.383331716743518,11.380300358503396,11.36,ET,2024-06-05
2024-06-11,TAEE4.SA,11,1,2,6,2,2024,11.357826794081044,11.378784679383333,11.364812755848474,11.35,ET,2024-06-05
2024-06-12,TAEE4.SA,12,2,2,6,2,2024,11.346341124324164,11.357826794081044,11.350169680909792,11.35,ET,2024-06-05
2024-06-13,TAEE4.SA,13,3,2,6,2,2024,11.34650768069671,11.346341124324164,11.34645216190586,11.36,ET,2024-06-05
2024-06-06,EGIE3.SA,6,3,1,6,2,2024,43.8,44.08,43.96333333333333,35.14,XGB,2024-06-05
2024-06-07,EGIE3.SA,7,4,1,6,2,2024,35.14312744140625,43.8,38.028751627604166,31.27,XGB,2024-06-05
2024-06-10,EGIE3.SA,10,0,2,6,2,2024,31.274484634399414,35.14312744140625,32.564029693603516,27.94,XGB,2024-06-05
2024-06-11,EGIE3.SA,11,1,2,6,2,2024,27.94287109375,31.274484634399414,29.053407669067383,25.26,XGB,2024-06-05
2024-06-12,EGIE3.SA,12,2,2,6,2,2024,25.264408111572266,27.94287109375,26.157228469848633,22.93,XGB,2024-06-05
2024-06-13,EGIE3.SA,13,3,2,6,2,2024,22.933597564697266,25.264408111572266,23.710535049438477,20.39,XGB,2024-06-05
2024-06-06,EGIE3.SA,6,3,1,6,2,2024,43.8,44.08,43.96333333333333,43.94,ET,2024-06-05
2024-06-07,EGIE3.SA,7,4,1,6,2,2024,43.939563913170154,43.8,43.8930426087801,43.6,ET,2024-06-05
2024-06-10,EGIE3.SA,10,0,2,6,2,2024,43.5991125,43.939563913170154,43.71259630439005,43.99,ET,2024-06-05
2024-06-11,EGIE3.SA,11,1,2,6,2,2024,43.993273436979685,43.5991125,43.86188645798646,43.97,ET,2024-06-05
2024-06-12,EGIE3.SA,12,2,2,6,2,2024,43.966706770313024,43.993273436979685,43.97556232586859,44.03,ET,2024-06-05
2024-06-13,EGIE3.SA,13,3,2,6,2,2024,44.02753177031302,43.966706770313024,44.00725677031303,44.04,ET,2024-06-05
2024-06-06,BBSE3.SA,6,3,1,6,2,2024,32.78,32.59,32.51666666666666,27.17,XGB,2024-06-05
2024-06-07,BBSE3.SA,7,4,1,6,2,2024,27.167251586914062,32.78,29.038167724609377,23.79,XGB,2024-06-05
2024-06-10,BBSE3.SA,10,0,2,6,2,2024,23.78931999206543,27.167251586914062,24.915298461914062,20.58,XGB,2024-06-05
2024-06-11,BBSE3.SA,11,1,2,6,2,2024,20.58049201965332,23.78931999206543,21.650100708007812,17.96,XGB,2024-06-05
2024-06-12,BBSE3.SA,12,2,2,6,2,2024,17.956966400146484,20.58049201965332,18.83147621154785,15.67,XGB,2024-06-05
2024-06-13,BBSE3.SA,13,3,2,6,2,2024,15.666269302368164,17.956966400146484,16.429834365844727,13.57,XGB,2024-06-05
2024-06-06,BBSE3.SA,6,3,1,6,2,2024,32.78,32.59,32.51666666666666,32.82,ET,2024-06-05
2024-06-07,BBSE3.SA,7,4,1,6,2,2024,32.819586292731266,32.78,32.80639086182084,32.79,ET,2024-06-05
2024-06-10,BBSE3.SA,10,0,2,6,2,2024,32.793224955301255,32.819586292731266,32.80201206777793,32.85,ET,2024-06-05
2024-06-11,BBSE3.SA,11,1,2,6,2,2024,32.84914308062905,32.793224955301255,32.83050370551978,32.8,ET,2024-06-05
2024-06-12,BBSE3.SA,12,2,2,6,2,2024,32.797202931491725,32.84914308062905,32.8145163145375,32.77,ET,2024-06-05
2024-06-13,BBSE3.SA,13,3,2,6,2,2024,32.77392705429874,32.797202931491725,32.78168568002973,32.86,ET,2024-06-05
2024-06-06,CSMG3.SA,6,3,1,6,2,2024,20.28,20.39,20.28666666666667,16.81,XGB,2024-06-05
2024-06-07,CSMG3.SA,7,4,1,6,2,2024,16.80536460876465,20.28,17.9635764058431,15.53,XGB,2024-06-05
2024-06-10,CSMG3.SA,10,0,2,6,2,2024,15.525687217712402,16.80536460876465,15.95224666595459,13.44,XGB,2024-06-05
2024-06-11,CSMG3.SA,11,1,2,6,2,2024,13.439754486083984,15.525687217712402,14.135066032409668,11.8,XGB,2024-06-05
2024-06-12,CSMG3.SA,12,2,2,6,2,2024,11.795831680297852,13.439754486083984,12.343806266784668,10.28,XGB,2024-06-05
2024-06-13,CSMG3.SA,13,3,2,6,2,2024,10.28012466430664,11.795831680297852,10.785359382629395,8.79,XGB,2024-06-05
2024-06-06,CSMG3.SA,6,3,1,6,2,2024,20.28,20.39,20.28666666666667,20.42,ET,2024-06-05
2024-06-07,CSMG3.SA,7,4,1,6,2,2024,20.421162724509536,20.28,20.374108483006356,20.37,ET,2024-06-05
2024-06-10,CSMG3.SA,10,0,2,6,2,2024,20.366827713687023,20.421162724509536,20.384939383961193,20.55,ET,2024-06-05
2024-06-11,CSMG3.SA,11,1,2,6,2,2024,20.55037886914921,20.366827713687023,20.489195150661814,20.6,ET,2024-06-05
2024-06-12,CSMG3.SA,12,2,2,6,2,2024,20.604849457384503,20.55037886914921,20.586692594639405,20.67,ET,2024-06-05
2024-06-13,CSMG3.SA,13,3,2,6,2,2024,20.673519198940546,20.604849457384503,20.65062928508853,20.67,ET,2024-06-05
2024-06-06,PETR4.SA,6,3,1,6,2,2024,38.2,38.15,38.31,31.18,XGB,2024-06-05
2024-06-07,PETR4.SA,7,4,1,6,2,2024,31.175683975219727,38.2,33.51712265014648,27.29,XGB,2024-06-05
2024-06-10,PETR4.SA,10,0,2,6,2,2024,27.291208267211914,31.175683975219727,28.586034774780273,25.63,XGB,2024-06-05
2024-06-11,PETR4.SA,11,1,2,6,2,2024,25.63028335571289,27.291208267211914,26.183923721313477,22.19,XGB,2024-06-05
2024-06-12,PETR4.SA,12,2,2,6,2,2024,22.190690994262695,25.63028335571289,23.337221145629883,19.49,XGB,2024-06-05
2024-06-13,PETR4.SA,13,3,2,6,2,2024,19.494417190551758,22.190690994262695,20.39317512512207,17.02,XGB,2024-06-05
2024-06-06,PETR4.SA,6,3,1,6,2,2024,38.2,38.15,38.31,38.2,ET,2024-06-05
2024-06-07,PETR4.SA,7,4,1,6,2,2024,38.19663333333334,38.2,38.19775555555556,37.91,ET,2024-06-05
2024-06-10,PETR4.SA,10,0,2,6,2,2024,37.913875000000004,38.19663333333334,38.00812777777778,37.23,ET,2024-06-05
2024-06-11,PETR4.SA,11,1,2,6,2,2024,37.226556250000016,37.913875000000004,37.45566250000001,37.06,ET,2024-06-05
2024-06-12,PETR4.SA,12,2,2,6,2,2024,37.064858928571425,37.226556250000016,37.118758035714286,36.89,ET,2024-06-05
2024-06-13,PETR4.SA,13,3,2,6,2,2024,36.88957916666667,37.064858928571425,36.94800575396825,36.64,ET,2024-06-05
2024-06-06,BRSR6.SA,6,3,1,6,2,2024,11.13,11.31,11.293333333333331,9.63,XGB,2024-06-05
2024-06-07,BRSR6.SA,7,4,1,6,2,2024,9.633770942687988,11.13,10.132513961791993,8.55,XGB,2024-06-05
2024-06-10,BRSR6.SA,10,0,2,6,2,2024,8.550821304321289,9.633770942687988,8.911805152893066,7.51,XGB,2024-06-05
2024-06-11,BRSR6.SA,11,1,2,6,2,2024,7.50658655166626,8.550821304321289,7.854664325714111,6.57,XGB,2024-06-05
2024-06-12,BRSR6.SA,12,2,2,6,2,2024,6.566600799560547,7.50658655166626,6.879929065704346,5.8,XGB,2024-06-05
2024-06-13,BRSR6.SA,13,3,2,6,2,2024,5.800355911254883,6.566600799560547,6.0557708740234375,5.13,XGB,2024-06-05
2024-06-06,BRSR6.SA,6,3,1,6,2,2024,11.13,11.31,11.293333333333331,11.12,ET,2024-06-05
2024-06-07,BRSR6.SA,7,4,1,6,2,2024,11.11727587464846,11.13,11.12151724976564,11.08,ET,2024-06-05
2024-06-10,BRSR6.SA,10,0,2,6,2,2024,11.082385808743442,11.11727587464846,11.094015830711783,11.06,ET,2024-06-05
2024-06-11,BRSR6.SA,11,1,2,6,2,2024,11.057022543605564,11.082385808743442,11.06547696531819,11.05,ET,2024-06-05
2024-06-12,BRSR6.SA,12,2,2,6,2,2024,11.049174661224786,11.057022543605564,11.051790622018379,11.07,ET,2024-06-05
2024-06-13,BRSR6.SA,13,3,2,6,2,2024,11.065307103504729,11.049174661224786,11.059929622744747,11.12,ET,2024-06-05
2024-06-07,BOVA11.SA,7,4,1,6,2,2024,119.4,117.9,118.48666666666668,101.43,XGB,2024-06-06
2024-06-10,BOVA11.SA,10,0,2,6,2,2024,101.42654418945312,119.4,107.41769612630208,88.74,XGB,2024-06-06
2024-06-11,BOVA11.SA,11,1,2,6,2,2024,88.7359848022461,101.42654418945312,92.96617889404297,74.04,XGB,2024-06-06
2024-06-12,BOVA11.SA,12,2,2,6,2,2024,74.0406723022461,88.7359848022461,78.9391098022461,65.89,XGB,2024-06-06
2024-06-13,BOVA11.SA,13,3,2,6,2,2024,65.8875732421875,74.0406723022461,68.60527801513672,57.99,XGB,2024-06-06
2024-06-14,BOVA11.SA,14,4,2,6,2,2024,57.991695404052734,65.8875732421875,60.6236572265625,50.51,XGB,2024-06-06
2024-06-07,BOVA11.SA,7,4,1,6,2,2024,119.4,117.9,118.48666666666668,118.64,ET,2024-06-06
2024-06-10,BOVA11.SA,10,0,2,6,2,2024,118.6357380952381,119.4,118.89049206349206,118.81,ET,2024-06-06
2024-06-11,BOVA11.SA,11,1,2,6,2,2024,118.8078214285714,118.6357380952381,118.7504603174603,118.49,ET,2024-06-06
2024-06-12,BOVA11.SA,12,2,2,6,2,2024,118.4898359126984,118.8078214285714,118.59583108465607,118.36,ET,2024-06-06
2024-06-13,BOVA11.SA,13,3,2,6,2,2024,118.35853591269839,118.4898359126984,118.40230257936507,118.27,ET,2024-06-06
2024-06-14,BOVA11.SA,14,4,2,6,2,2024,118.27373432539682,118.35853591269839,118.30200152116402,118.12,ET,2024-06-06
2024-06-07,BCFF11.SA,7,4,1,6,2,2024,8.7,8.7,8.706666666666665,7.42,XGB,2024-06-06
2024-06-10,BCFF11.SA,10,0,2,6,2,2024,7.418789863586426,8.7,7.845859909057617,6.52,XGB,2024-06-06
2024-06-11,BCFF11.SA,11,1,2,6,2,2024,6.518198490142822,7.418789863586426,6.818395614624023,5.64,XGB,2024-06-06
2024-06-12,BCFF11.SA,12,2,2,6,2,2024,5.639699459075928,6.518198490142822,5.932532787322998,4.94,XGB,2024-06-06
2024-06-13,BCFF11.SA,13,3,2,6,2,2024,4.938116073608398,5.639699459075928,5.171977519989014,4.32,XGB,2024-06-06
2024-06-14,BCFF11.SA,14,4,2,6,2,2024,4.319497108459473,4.938116073608398,4.525703430175781,3.84,XGB,2024-06-06
2024-06-07,BCFF11.SA,7,4,1,6,2,2024,8.7,8.7,8.706666666666665,8.7,ET,2024-06-06
2024-06-10,BCFF11.SA,10,0,2,6,2,2024,8.698484645508,8.7,8.698989763672,8.68,ET,2024-06-06
2024-06-11,BCFF11.SA,11,1,2,6,2,2024,8.683092978841334,8.698484645508,8.688223534396888,8.68,ET,2024-06-06
2024-06-12,BCFF11.SA,12,2,2,6,2,2024,8.680298534396888,8.683092978841334,8.68123001587837,8.68,ET,2024-06-06
2024-06-13,BCFF11.SA,13,3,2,6,2,2024,8.683798534396889,8.680298534396888,8.68263186773022,8.69,ET,2024-06-06
2024-06-14,BCFF11.SA,14,4,2,6,2,2024,8.685298534396889,8.683798534396889,8.684798534396888,8.69,ET,2024-06-06
2024-06-07,TAEE4.SA,7,4,1,6,2,2024,11.38,11.4,11.42,9.85,XGB,2024-06-06
2024-06-10,TAEE4.SA,10,0,2,6,2,2024,9.850010871887207,11.38,10.360007247924806,8.65,XGB,2024-06-06
2024-06-11,TAEE4.SA,11,1,2,6,2,2024,8.64797592163086,9.850010871887207,9.048653602600098,7.7,XGB,2024-06-06
2024-06-12,TAEE4.SA,12,2,2,6,2,2024,7.7003092765808105,8.64797592163086,8.01619815826416,6.9,XGB,2024-06-06
2024-06-13,TAEE4.SA,13,3,2,6,2,2024,6.8984575271606445,7.7003092765808105,7.165740966796875,6.24,XGB,2024-06-06
2024-06-14,TAEE4.SA,14,4,2,6,2,2024,6.237996578216553,6.8984575271606445,6.458150386810303,5.51,XGB,2024-06-06
2024-06-07,TAEE4.SA,7,4,1,6,2,2024,11.38,11.4,11.42,11.38,ET,2024-06-06
2024-06-10,TAEE4.SA,10,0,2,6,2,2024,11.38486341920726,11.38,11.383242279471508,11.38,ET,2024-06-06
2024-06-11,TAEE4.SA,11,1,2,6,2,2024,11.38129810128885,11.38486341920726,11.382486540594988,11.37,ET,2024-06-06
2024-06-12,TAEE4.SA,12,2,2,6,2,2024,11.373986652660484,11.38129810128885,11.376423802203272,11.38,ET,2024-06-06
2024-06-13,TAEE4.SA,13,3,2,6,2,2024,11.375026260795407,11.373986652660484,11.374679724750434,11.37,ET,2024-06-06
2024-06-14,TAEE4.SA,14,4,2,6,2,2024,11.371689677571867,11.375026260795407,11.372801871979712,11.38,ET,2024-06-06
2024-06-07,EGIE3.SA,7,4,1,6,2,2024,44.01,43.8,43.96333333333333,35.17,XGB,2024-06-06
2024-06-10,EGIE3.SA,10,0,2,6,2,2024,35.16755676269531,44.01,38.11503784179687,31.3,XGB,2024-06-06
2024-06-11,EGIE3.SA,11,1,2,6,2,2024,31.29947280883789,35.16755676269531,32.58883285522461,27.95,XGB,2024-06-06
2024-06-12,EGIE3.SA,12,2,2,6,2,2024,27.945018768310547,31.29947280883789,29.06317138671875,25.27,XGB,2024-06-06
2024-06-13,EGIE3.SA,13,3,2,6,2,2024,25.2669677734375,27.945018768310547,26.159652709960938,22.9,XGB,2024-06-06
2024-06-14,EGIE3.SA,14,4,2,6,2,2024,22.902196884155273,25.2669677734375,23.690454483032227,20.38,XGB,2024-06-06
2024-06-07,EGIE3.SA,7,4,1,6,2,2024,44.01,43.8,43.96333333333333,43.63,ET,2024-06-06
2024-06-10,EGIE3.SA,10,0,2,6,2,2024,43.6316519607843,44.01,43.757767973856204,43.95,ET,2024-06-06
2024-06-11,EGIE3.SA,11,1,2,6,2,2024,43.948013973771324,43.6316519607843,43.84255996944231,44.01,ET,2024-06-06
2024-06-12,EGIE3.SA,12,2,2,6,2,2024,44.00943659281894,43.948013973771324,43.988962386469744,44.08,ET,2024-06-06
2024-06-13,EGIE3.SA,13,3,2,6,2,2024,44.07949016424752,44.00943659281894,44.05613897377132,44.1,ET,2024-06-06
2024-06-14,EGIE3.SA,14,4,2,6,2,2024,44.10457349758086,44.07949016424752,44.096212386469745,43.7,ET,2024-06-06
2024-06-07,BBSE3.SA,7,4,1,6,2,2024,32.95,32.78,32.77333333333333,27.19,XGB,2024-06-06
2024-06-10,BBSE3.SA,10,0,2,6,2,2024,27.185924530029297,32.95,29.107283020019533,24.01,XGB,2024-06-06
2024-06-11,BBSE3.SA,11,1,2,6,2,2024,24.013051986694336,27.185924530029297,25.070676803588867,20.93,XGB,2024-06-06
2024-06-12,BBSE3.SA,12,2,2,6,2,2024,20.931312561035156,24.013051986694336,21.958559036254883,18.21,XGB,2024-06-06
2024-06-13,BBSE3.SA,13,3,2,6,2,2024,18.207265853881836,20.931312561035156,19.11528205871582,15.93,XGB,2024-06-06
2024-06-14,BBSE3.SA,14,4,2,6,2,2024,15.932785034179688,18.207265853881836,16.690946578979492,13.89,XGB,2024-06-06
2024-06-07,BBSE3.SA,7,4,1,6,2,2024,32.95,32.78,32.77333333333333,32.9,ET,2024-06-06
2024-06-10,BBSE3.SA,10,0,2,6,2,2024,32.900434793698,32.95,32.916956529132,32.95,ET,2024-06-06
2024-06-11,BBSE3.SA,11,1,2,6,2,2024,32.95110333751653,32.900434793698,32.93421382291035,32.88,ET,2024-06-06
2024-06-12,BBSE3.SA,12,2,2,6,2,2024,32.878418783253125,32.95110333751653,32.902646968007595,32.85,ET,2024-06-06
2024-06-13,BBSE3.SA,13,3,2,6,2,2024,32.849500964625676,32.878418783253125,32.85914023750149,32.84,ET,2024-06-06
2024-06-14,BBSE3.SA,14,4,2,6,2,2024,32.84049349497114,32.849500964625676,32.843495984855984,32.85,ET,2024-06-06
2024-06-07,CSMG3.SA,7,4,1,6,2,2024,19.82,20.28,20.163333333333334,16.8,XGB,2024-06-06
2024-06-10,CSMG3.SA,10,0,2,6,2,2024,16.804290771484375,19.82,17.809527180989583,15.46,XGB,2024-06-06
2024-06-11,CSMG3.SA,11,1,2,6,2,2024,15.459782600402832,16.804290771484375,15.907951354980469,13.44,XGB,2024-06-06
2024-06-12,CSMG3.SA,12,2,2,6,2,2024,13.438080787658691,15.459782600402832,14.111981391906738,11.8,XGB,2024-06-06
2024-06-13,CSMG3.SA,13,3,2,6,2,2024,11.798187255859375,13.438080787658691,12.344818115234375,10.29,XGB,2024-06-06
2024-06-14,CSMG3.SA,14,4,2,6,2,2024,10.28531551361084,11.798187255859375,10.789607048034668,8.76,XGB,2024-06-06
2024-06-07,CSMG3.SA,7,4,1,6,2,2024,19.82,20.28,20.163333333333334,19.85,ET,2024-06-06
2024-06-10,CSMG3.SA,10,0,2,6,2,2024,19.846625,19.82,19.83775,19.76,ET,2024-06-06
2024-06-11,CSMG3.SA,11,1,2,6,2,2024,19.755365773809523,19.846625,19.785785515873012,19.58,ET,2024-06-06
2024-06-12,CSMG3.SA,12,2,2,6,2,2024,19.57627514880953,19.755365773809523,19.635972023809526,19.55,ET,2024-06-06
2024-06-13,CSMG3.SA,13,3,2,6,2,2024,19.554998065476195,19.57627514880953,19.562090426587307,19.63,ET,2024-06-06
2024-06-14,CSMG3.SA,14,4,2,6,2,2024,19.6262849702381,19.554998065476195,19.602522668650796,19.59,ET,2024-06-06
2024-06-07,PETR4.SA,7,4,1,6,2,2024,38.38,38.2,38.24333333333333,31.19,XGB,2024-06-06
2024-06-10,PETR4.SA,10,0,2,6,2,2024,31.193269729614258,38.38,33.5888464864095,27.28,XGB,2024-06-06
2024-06-11,PETR4.SA,11,1,2,6,2,2024,27.2791690826416,31.193269729614258,28.58386993408203,25.65,XGB,2024-06-06
2024-06-12,PETR4.SA,12,2,2,6,2,2024,25.647537231445312,27.2791690826416,26.19141387939453,22.51,XGB,2024-06-06
2024-06-13,PETR4.SA,13,3,2,6,2,2024,22.50917625427246,25.647537231445312,23.5552978515625,19.56,XGB,2024-06-06
2024-06-14,PETR4.SA,14,4,2,6,2,2024,19.560415267944336,22.50917625427246,20.5433349609375,17.02,XGB,2024-06-06
2024-06-07,PETR4.SA,7,4,1,6,2,2024,38.38,38.2,38.24333333333333,38.26,ET,2024-06-06
2024-06-10,PETR4.SA,10,0,2,6,2,2024,38.258719696969706,38.38,38.29914646464647,38.42,ET,2024-06-06
2024-06-11,PETR4.SA,11,1,2,6,2,2024,38.42234767316018,38.258719696969706,38.36780501443002,38.47,ET,2024-06-06
2024-06-12,PETR4.SA,12,2,2,6,2,2024,38.46572267316018,38.42234767316018,38.45126433982685,38.5,ET,2024-06-06
2024-06-13,PETR4.SA,13,3,2,6,2,2024,38.50027267316018,38.46572267316018,38.48875600649352,38.46,ET,2024-06-06
2024-06-14,PETR4.SA,14,4,2,6,2,2024,38.45606136363637,38.50027267316018,38.470798466810976,38.5,ET,2024-06-06
2024-06-07,BRSR6.SA,7,4,1,6,2,2024,11.1,11.13,11.179999999999998,9.61,XGB,2024-06-06
2024-06-10,BRSR6.SA,10,0,2,6,2,2024,9.61284351348877,11.1,10.108562342325847,8.5,XGB,2024-06-06
2024-06-11,BRSR6.SA,11,1,2,6,2,2024,8.501995086669922,9.61284351348877,8.87227725982666,7.37,XGB,2024-06-06
2024-06-12,BRSR6.SA,12,2,2,6,2,2024,7.37286376953125,8.501995086669922,7.749240875244141,6.45,XGB,2024-06-06
2024-06-13,BRSR6.SA,13,3,2,6,2,2024,6.452043533325195,7.37286376953125,6.758983612060547,5.64,XGB,2024-06-06
2024-06-14,BRSR6.SA,14,4,2,6,2,2024,5.644684791564941,6.452043533325195,5.913804531097412,5.05,XGB,2024-06-06
2024-06-07,BRSR6.SA,7,4,1,6,2,2024,11.1,11.13,11.179999999999998,11.07,ET,2024-06-06
2024-06-10,BRSR6.SA,10,0,2,6,2,2024,11.071708172589663,11.1,11.081138781726443,11.09,ET,2024-06-06
2024-06-11,BRSR6.SA,11,1,2,6,2,2024,11.089271651709897,11.071708172589663,11.083417158669818,11.09,ET,2024-06-06
2024-06-12,BRSR6.SA,12,2,2,6,2,2024,11.091698407909728,11.089271651709897,11.090889489176453,11.1,ET,2024-06-06
2024-06-13,BRSR6.SA,13,3,2,6,2,2024,11.102160845359668,11.091698407909728,11.098673366209688,11.13,ET,2024-06-06
2024-06-14,BRSR6.SA,14,4,2,6,2,2024,11.13091231279941,11.102160845359668,11.121328490319497,11.11,ET,2024-06-06
2024-06-10,BOVA11.SA,10,0,2,6,2,2024,117.13,119.4,118.14333333333336,101.32,XGB,2024-06-07
2024-06-11,BOVA11.SA,11,1,2,6,2,2024,101.32274627685547,117.13,106.59183085123698,88.11,XGB,2024-06-07
2024-06-12,BOVA11.SA,12,2,2,6,2,2024,88.1099853515625,101.32274627685547,92.51424407958984,74.05,XGB,2024-06-07
2024-06-13,BOVA11.SA,13,3,2,6,2,2024,74.04885864257812,88.1099853515625,78.73590087890625,65.75,XGB,2024-06-07
2024-06-14,BOVA11.SA,14,4,2,6,2,2024,65.75204467773438,74.04885864257812,68.51764678955078,57.95,XGB,2024-06-07
2024-06-10,BOVA11.SA,10,0,2,6,2,2024,117.13,119.4,118.14333333333336,117.99,ET,2024-06-07
2024-06-11,BOVA11.SA,11,1,2,6,2,2024,117.9859836137289,117.13,117.70065574248594,117.56,ET,2024-06-07
2024-06-12,BOVA11.SA,12,2,2,6,2,2024,117.56222209168754,117.9859836137289,117.703475932368,117.62,ET,2024-06-07
2024-06-13,BOVA11.SA,13,3,2,6,2,2024,117.62173809837823,117.56222209168754,117.60189942948132,117.43,ET,2024-06-07
2024-06-14,BOVA11.SA,14,4,2,6,2,2024,117.42654643171156,117.62173809837823,117.49161032060044,117.42,ET,2024-06-07
2024-06-10,BCFF11.SA,10,0,2,6,2,2024,8.68,8.7,8.693333333333333,7.42,XGB,2024-06-07
2024-06-11,BCFF11.SA,11,1,2,6,2,2024,7.4205546379089355,8.68,7.840369758605957,6.52,XGB,2024-06-07
2024-06-12,BCFF11.SA,12,2,2,6,2,2024,6.517980098724365,7.4205546379089355,6.818838119506836,5.6,XGB,2024-06-07
2024-06-13,BCFF11.SA,13,3,2,6,2,2024,5.597135066986084,6.517980098724365,5.904083251953125,4.9,XGB,2024-06-07
2024-06-14,BCFF11.SA,14,4,2,6,2,2024,4.9036054611206055,5.597135066986084,5.134781837463379,4.32,XGB,2024-06-07
2024-06-10,BCFF11.SA,10,0,2,6,2,2024,8.68,8.7,8.693333333333333,8.67,ET,2024-06-07
2024-06-11,BCFF11.SA,11,1,2,6,2,2024,8.67040843056797,8.68,8.673605620378646,8.66,ET,2024-06-07
2024-06-12,BCFF11.SA,12,2,2,6,2,2024,8.663797235513027,8.67040843056797,8.666000967198007,8.64,ET,2024-06-07
2024-06-13,BCFF11.SA,13,3,2,6,2,2024,8.63664902122731,8.663797235513027,8.645698425989215,8.59,ET,2024-06-07
2024-06-14,BCFF11.SA,14,4,2,6,2,2024,8.593830181277058,8.63664902122731,8.608103127927142,8.63,ET,2024-06-07
2024-06-10,TAEE4.SA,10,0,2,6,2,2024,11.29,11.38,11.356666666666667,9.83,XGB,2024-06-07
2024-06-11,TAEE4.SA,11,1,2,6,2,2024,9.831244468688965,11.29,10.31749631245931,8.65,XGB,2024-06-07
2024-06-12,TAEE4.SA,12,2,2,6,2,2024,8.65119457244873,9.831244468688965,9.044544219970703,7.7,XGB,2024-06-07
2024-06-13,TAEE4.SA,13,3,2,6,2,2024,7.702572822570801,8.65119457244873,8.018779754638672,6.9,XGB,2024-06-07
2024-06-14,TAEE4.SA,14,4,2,6,2,2024,6.89819860458374,7.702572822570801,7.166323184967041,6.24,XGB,2024-06-07
2024-06-10,TAEE4.SA,10,0,2,6,2,2024,11.29,11.38,11.356666666666667,11.31,ET,2024-06-07
2024-06-11,TAEE4.SA,11,1,2,6,2,2024,11.306623951347499,11.29,11.301082634231664,11.34,ET,2024-06-07
2024-06-12,TAEE4.SA,12,2,2,6,2,2024,11.338421226645295,11.306623951347499,11.327822134879362,11.34,ET,2024-06-07
2024-06-13,TAEE4.SA,13,3,2,6,2,2024,11.344173577763607,11.338421226645295,11.342256127390835,11.36,ET,2024-06-07
2024-06-14,TAEE4.SA,14,4,2,6,2,2024,11.35842185992735,11.344173577763607,11.353672432539435,11.35,ET,2024-06-07
2024-06-10,EGIE3.SA,10,0,2,6,2,2024,43.48,44.01,43.76333333333332,35.17,XGB,2024-06-07
2024-06-11,EGIE3.SA,11,1,2,6,2,2024,35.16889953613281,43.48,37.93926635742187,31.3,XGB,2024-06-07
2024-06-12,EGIE3.SA,12,2,2,6,2,2024,31.295692443847656,35.16889953613281,32.586761474609375,27.94,XGB,2024-06-07
2024-06-13,EGIE3.SA,13,3,2,6,2,2024,27.94219970703125,31.295692443847656,29.060029983520508,25.28,XGB,2024-06-07
2024-06-14,EGIE3.SA,14,4,2,6,2,2024,25.277734756469727,27.94219970703125,26.1658878326416,22.9,XGB,2024-06-07
2024-06-10,EGIE3.SA,10,0,2,6,2,2024,43.48,44.01,43.76333333333332,43.94,ET,2024-06-07
2024-06-11,EGIE3.SA,11,1,2,6,2,2024,43.93550575396826,43.48,43.7836705026455,44.08,ET,2024-06-07
2024-06-12,EGIE3.SA,12,2,2,6,2,2024,44.07511140873015,43.93550575396826,44.02857619047618,44.02,ET,2024-06-07
2024-06-13,EGIE3.SA,13,3,2,6,2,2024,44.01979286477412,44.07511140873015,44.03823237942613,44.09,ET,2024-06-07
2024-06-14,EGIE3.SA,14,4,2,6,2,2024,44.09098234890109,44.01979286477412,44.067252520858766,43.65,ET,2024-06-07
2024-06-10,BBSE3.SA,10,0,2,6,2,2024,32.69,32.95,32.806666666666665,27.19,XGB,2024-06-07
2024-06-11,BBSE3.SA,11,1,2,6,2,2024,27.19135856628418,32.69,29.024239044189454,24.04,XGB,2024-06-07
2024-06-12,BBSE3.SA,12,2,2,6,2,2024,24.035131454467773,27.19135856628418,25.08720588684082,20.93,XGB,2024-06-07
2024-06-13,BBSE3.SA,13,3,2,6,2,2024,20.93487548828125,24.035131454467773,21.968294143676758,18.21,XGB,2024-06-07
2024-06-14,BBSE3.SA,14,4,2,6,2,2024,18.20703887939453,20.93487548828125,19.116317749023438,15.94,XGB,2024-06-07
2024-06-10,BBSE3.SA,10,0,2,6,2,2024,32.69,32.95,32.806666666666665,32.84,ET,2024-06-07
2024-06-11,BBSE3.SA,11,1,2,6,2,2024,32.84435470270169,32.69,32.79290313513446,32.85,ET,2024-06-07
2024-06-12,BBSE3.SA,12,2,2,6,2,2024,32.851726483253245,32.84435470270169,32.84926922306939,32.8,ET,2024-06-07
2024-06-13,BBSE3.SA,13,3,2,6,2,2024,32.80144295150721,32.851726483253245,32.81820412875589,32.82,ET,2024-06-07
2024-06-14,BBSE3.SA,14,4,2,6,2,2024,32.8164443403961,32.80144295150721,32.81144387743314,32.83,ET,2024-06-07
2024-06-10,CSMG3.SA,10,0,2,6,2,2024,19.72,19.82,19.94,16.8,XGB,2024-06-07
2024-06-11,CSMG3.SA,11,1,2,6,2,2024,16.801279067993164,19.72,17.774186045328776,15.38,XGB,2024-06-07
2024-06-12,CSMG3.SA,12,2,2,6,2,2024,15.377994537353516,16.801279067993164,15.852423667907715,13.31,XGB,2024-06-07
2024-06-13,CSMG3.SA,13,3,2,6,2,2024,13.307717323303223,15.377994537353516,13.997809410095215,11.57,XGB,2024-06-07
2024-06-14,CSMG3.SA,14,4,2,6,2,2024,11.568222045898438,13.307717323303223,12.148053169250488,10.18,XGB,2024-06-07
2024-06-10,CSMG3.SA,10,0,2,6,2,2024,19.72,19.82,19.94,19.6,ET,2024-06-07
2024-06-11,CSMG3.SA,11,1,2,6,2,2024,19.602906959706964,19.72,19.641937973137974,19.64,ET,2024-06-07
2024-06-12,CSMG3.SA,12,2,2,6,2,2024,19.63551112637363,19.602906959706964,19.624643070818074,19.67,ET,2024-06-07
2024-06-13,CSMG3.SA,13,3,2,6,2,2024,19.668053550616055,19.63551112637363,19.657206075868576,19.58,ET,2024-06-07
2024-06-14,CSMG3.SA,14,4,2,6,2,2024,19.57682021728272,19.668053550616055,19.607231328393834,19.67,ET,2024-06-07
2024-06-10,PETR4.SA,10,0,2,6,2,2024,36.94,38.38,37.839999999999996,31.2,XGB,2024-06-07
2024-06-11,PETR4.SA,11,1,2,6,2,2024,31.20339584350586,36.94,33.1155972290039,27.31,XGB,2024-06-07
2024-06-12,PETR4.SA,12,2,2,6,2,2024,27.31368064880371,31.20339584350586,28.610252380371094,25.69,XGB,2024-06-07
2024-06-13,PETR4.SA,13,3,2,6,2,2024,25.693655014038086,27.31368064880371,26.23366355895996,22.52,XGB,2024-06-07
2024-06-14,PETR4.SA,14,4,2,6,2,2024,22.5169677734375,25.693655014038086,23.575864791870117,19.58,XGB,2024-06-07
2024-06-10,PETR4.SA,10,0,2,6,2,2024,36.94,38.38,37.839999999999996,36.68,ET,2024-06-07
2024-06-11,PETR4.SA,11,1,2,6,2,2024,36.67919166666667,36.94,36.766127777777776,36.55,ET,2024-06-07
2024-06-12,PETR4.SA,12,2,2,6,2,2024,36.54514999999999,36.67919166666667,36.58983055555555,36.6,ET,2024-06-07
2024-06-13,PETR4.SA,13,3,2,6,2,2024,36.59535416666666,36.54514999999999,36.578619444444435,36.56,ET,2024-06-07
2024-06-14,PETR4.SA,14,4,2,6,2,2024,36.55696874999999,36.59535416666666,36.56976388888888,36.55,ET,2024-06-07
2024-06-10,BRSR6.SA,10,0,2,6,2,2024,10.98,11.1,11.069999999999999,9.51,XGB,2024-06-07
2024-06-11,BRSR6.SA,11,1,2,6,2,2024,9.509937286376953,10.98,9.999958190917969,8.32,XGB,2024-06-07
2024-06-12,BRSR6.SA,12,2,2,6,2,2024,8.32469654083252,9.509937286376953,8.719776153564453,7.27,XGB,2024-06-07
2024-06-13,BRSR6.SA,13,3,2,6,2,2024,7.272716522216797,8.32469654083252,7.623376369476318,6.29,XGB,2024-06-07
2024-06-14,BRSR6.SA,14,4,2,6,2,2024,6.2875261306762695,7.272716522216797,6.615922927856445,5.6,XGB,2024-06-07
2024-06-10,BRSR6.SA,10,0,2,6,2,2024,10.98,11.1,11.069999999999999,11.0,ET,2024-06-07
2024-06-11,BRSR6.SA,11,1,2,6,2,2024,11.000617558574422,10.98,10.993745039049614,11.04,ET,2024-06-07
2024-06-12,BRSR6.SA,12,2,2,6,2,2024,11.039325688534444,11.000617558574422,11.026422978547771,11.04,ET,2024-06-07
2024-06-13,BRSR6.SA,13,3,2,6,2,2024,11.036545897476206,11.039325688534444,11.037472494495617,11.06,ET,2024-06-07
2024-06-14,BRSR6.SA,14,4,2,6,2,2024,11.055476035393841,11.036545897476206,11.049165989421297,11.02,ET,2024-06-07
2024-06-11,BOVA11.SA,11,1,2,6,2,2024,117.35,117.13,117.96,100.9,XGB,2024-06-10
2024-06-12,BOVA11.SA,12,2,2,6,2,2024,100.896240234375,117.35,106.38082682291667,87.46,XGB,2024-06-10
2024-06-13,BOVA11.SA,13,3,2,6,2,2024,87.46057891845703,100.896240234375,91.93912506103516,73.91,XGB,2024-06-10
2024-06-14,BOVA11.SA,14,4,2,6,2,2024,73.91282653808594,87.46057891845703,78.42874908447266,64.97,XGB,2024-06-10
2024-06-17,BOVA11.SA,17,0,3,6,2,2024,64.97100067138672,73.91282653808594,67.95160675048828,57.4,XGB,2024-06-10
2024-06-18,BOVA11.SA,18,1,3,6,2,2024,57.40142059326172,64.97100067138672,59.92461013793945,49.87,XGB,2024-06-10
2024-06-11,BOVA11.SA,11,1,2,6,2,2024,117.35,117.13,117.96,117.58,ET,2024-06-10
2024-06-12,BOVA11.SA,12,2,2,6,2,2024,117.58377982018217,117.35,117.50585321345477,117.06,ET,2024-06-10
2024-06-13,BOVA11.SA,13,3,2,6,2,2024,117.06410197131534,117.58377982018217,117.23732792093762,117.03,ET,2024-06-10
2024-06-14,BOVA11.SA,14,4,2,6,2,2024,117.02759706762772,117.06410197131534,117.03976536885693,117.02,ET,2024-06-10
2024-06-17,BOVA11.SA,17,0,3,6,2,2024,117.02483044674861,117.02759706762772,117.02575265370831,117.26,ET,2024-06-10
2024-06-18,BOVA11.SA,18,1,3,6,2,2024,117.26339354198672,117.02483044674861,117.18387251024069,117.66,ET,2024-06-10
2024-06-11,BCFF11.SA,11,1,2,6,2,2024,8.49,8.68,8.623333333333333,7.4,XGB,2024-06-10
2024-06-12,BCFF11.SA,12,2,2,6,2,2024,7.39647102355957,8.49,7.760980682373048,6.52,XGB,2024-06-10
2024-06-13,BCFF11.SA,13,3,2,6,2,2024,6.51994514465332,7.39647102355957,6.81212043762207,5.63,XGB,2024-06-10
2024-06-14,BCFF11.SA,14,4,2,6,2,2024,5.633378982543945,6.51994514465332,5.928901195526123,4.94,XGB,2024-06-10
2024-06-17,BCFF11.SA,17,0,3,6,2,2024,4.940718173980713,5.633378982543945,5.171604633331299,4.32,XGB,2024-06-10
2024-06-18,BCFF11.SA,18,1,3,6,2,2024,4.321197032928467,4.940718173980713,4.527704238891602,3.84,XGB,2024-06-10
2024-06-11,BCFF11.SA,11,1,2,6,2,2024,8.49,8.68,8.623333333333333,8.55,ET,2024-06-10
2024-06-12,BCFF11.SA,12,2,2,6,2,2024,8.549716287878788,8.49,8.52981085858586,8.62,ET,2024-06-10
2024-06-13,BCFF11.SA,13,3,2,6,2,2024,8.618106309523808,8.549716287878788,8.595309635642137,8.64,ET,2024-06-10
2024-06-14,BCFF11.SA,14,4,2,6,2,2024,8.638327313519813,8.618106309523808,8.631586978854477,8.64,ET,2024-06-10
2024-06-17,BCFF11.SA,17,0,3,6,2,2024,8.641153653846155,8.638327313519813,8.64021154040404,8.62,ET,2024-06-10
2024-06-18,BCFF11.SA,18,1,3,6,2,2024,8.6239602014652,8.641153653846155,8.629691352258853,8.6,ET,2024-06-10
2024-06-11,TAEE4.SA,11,1,2,6,2,2024,11.22,11.29,11.296666666666667,9.8,XGB,2024-06-10
2024-06-12,TAEE4.SA,12,2,2,6,2,2024,9.797972679138184,11.22,10.271981786092121,8.64,XGB,2024-06-10
2024-06-13,TAEE4.SA,13,3,2,6,2,2024,8.640167236328125,9.797972679138184,9.026103019714355,7.7,XGB,2024-06-10
2024-06-14,TAEE4.SA,14,4,2,6,2,2024,7.702023506164551,8.640167236328125,8.014737129211426,6.9,XGB,2024-06-10
2024-06-17,TAEE4.SA,17,0,3,6,2,2024,6.8985981941223145,7.702023506164551,7.166406631469727,6.24,XGB,2024-06-10
2024-06-18,TAEE4.SA,18,1,3,6,2,2024,6.242692470550537,6.8985981941223145,6.461328029632568,5.51,XGB,2024-06-10
2024-06-11,TAEE4.SA,11,1,2,6,2,2024,11.22,11.29,11.296666666666667,11.31,ET,2024-06-10
2024-06-12,TAEE4.SA,12,2,2,6,2,2024,11.309305235773184,11.22,11.279536823848792,11.34,ET,2024-06-10
2024-06-13,TAEE4.SA,13,3,2,6,2,2024,11.338811185584854,11.309305235773184,11.328975868980963,11.36,ET,2024-06-10
2024-06-14,TAEE4.SA,14,4,2,6,2,2024,11.356337368771047,11.338811185584854,11.350495307708982,11.35,ET,2024-06-10
2024-06-17,TAEE4.SA,17,0,3,6,2,2024,11.347749012890342,11.356337368771047,11.35061179818391,11.33,ET,2024-06-10
2024-06-18,TAEE4.SA,18,1,3,6,2,2024,11.332433369975586,11.347749012890342,11.337538584280503,11.34,ET,2024-06-10
2024-06-11,EGIE3.SA,11,1,2,6,2,2024,43.48,43.48,43.65666666666666,35.17,XGB,2024-06-10
2024-06-12,EGIE3.SA,12,2,2,6,2,2024,35.17062759399414,43.48,37.94041839599609,31.31,XGB,2024-06-10
2024-06-13,EGIE3.SA,13,3,2,6,2,2024,31.312911987304688,35.17062759399414,32.59881591796875,27.96,XGB,2024-06-10
2024-06-14,EGIE3.SA,14,4,2,6,2,2024,27.964040756225586,31.312911987304688,29.080331802368164,25.3,XGB,2024-06-10
2024-06-17,EGIE3.SA,17,0,3,6,2,2024,25.303266525268555,27.964040756225586,26.1901912689209,22.93,XGB,2024-06-10
2024-06-18,EGIE3.SA,18,1,3,6,2,2024,22.93137550354004,25.303266525268555,23.72200584411621,20.39,XGB,2024-06-10
2024-06-11,EGIE3.SA,11,1,2,6,2,2024,43.48,43.48,43.65666666666666,43.8,ET,2024-06-10
2024-06-12,EGIE3.SA,12,2,2,6,2,2024,43.79501599025974,43.48,43.69001066017316,43.89,ET,2024-06-10
2024-06-13,EGIE3.SA,13,3,2,6,2,2024,43.89185349025974,43.79501599025974,43.85957432359307,43.82,ET,2024-06-10
2024-06-14,EGIE3.SA,14,4,2,6,2,2024,43.82284623640249,43.89185349025974,43.84584865435491,43.56,ET,2024-06-10
2024-06-17,EGIE3.SA,17,0,3,6,2,2024,43.55925665306915,43.82284623640249,43.6471198475136,43.86,ET,2024-06-10
2024-06-18,EGIE3.SA,18,1,3,6,2,2024,43.85676460137086,43.55925665306915,43.75759528527029,43.95,ET,2024-06-10
2024-06-11,BBSE3.SA,11,1,2,6,2,2024,32.62,32.69,32.75333333333333,27.2,XGB,2024-06-10
2024-06-12,BBSE3.SA,12,2,2,6,2,2024,27.197378158569336,32.62,29.004918772379558,24.04,XGB,2024-06-10
2024-06-13,BBSE3.SA,13,3,2,6,2,2024,24.03632926940918,27.197378158569336,25.090011596679688,20.93,XGB,2024-06-10
2024-06-14,BBSE3.SA,14,4,2,6,2,2024,20.932353973388672,24.03632926940918,21.967010498046875,18.22,XGB,2024-06-10
2024-06-17,BBSE3.SA,17,0,3,6,2,2024,18.216360092163086,20.932353973388672,19.12169075012207,15.94,XGB,2024-06-10
2024-06-18,BBSE3.SA,18,1,3,6,2,2024,15.936034202575684,18.216360092163086,16.696142196655273,13.89,XGB,2024-06-10
2024-06-11,BBSE3.SA,11,1,2,6,2,2024,32.62,32.69,32.75333333333333,32.76,ET,2024-06-10
2024-06-12,BBSE3.SA,12,2,2,6,2,2024,32.76012988969967,32.62,32.71341992646645,32.8,ET,2024-06-10
2024-06-13,BBSE3.SA,13,3,2,6,2,2024,32.79784145828542,32.76012988969967,32.785270935423505,32.78,ET,2024-06-10
2024-06-14,BBSE3.SA,14,4,2,6,2,2024,32.78227266571575,32.79784145828542,32.78746226323897,32.77,ET,2024-06-10
2024-06-17,BBSE3.SA,17,0,3,6,2,2024,32.768948204931434,32.78227266571575,32.77338969185954,32.81,ET,2024-06-10
2024-06-18,BBSE3.SA,18,1,3,6,2,2024,32.80929824602595,32.768948204931434,32.79584823232778,32.75,ET,2024-06-10
2024-06-11,CSMG3.SA,11,1,2,6,2,2024,19.7,19.72,19.74666666666667,16.81,XGB,2024-06-10
2024-06-12,CSMG3.SA,12,2,2,6,2,2024,16.80829620361328,19.7,17.772197469075522,15.36,XGB,2024-06-10
2024-06-13,CSMG3.SA,13,3,2,6,2,2024,15.359719276428223,16.80829620361328,15.842577934265137,13.31,XGB,2024-06-10
2024-06-14,CSMG3.SA,14,4,2,6,2,2024,13.311988830566406,15.359719276428223,13.9945650100708,11.57,XGB,2024-06-10
2024-06-17,CSMG3.SA,17,0,3,6,2,2024,11.572959899902344,13.311988830566406,12.152636528015137,10.19,XGB,2024-06-10
2024-06-18,CSMG3.SA,18,1,3,6,2,2024,10.1860933303833,11.572959899902344,10.648381233215332,8.71,XGB,2024-06-10
2024-06-11,CSMG3.SA,11,1,2,6,2,2024,19.7,19.72,19.74666666666667,19.65,ET,2024-06-10
2024-06-12,CSMG3.SA,12,2,2,6,2,2024,19.64505813492064,19.7,19.663372089947092,19.6,ET,2024-06-10
2024-06-13,CSMG3.SA,13,3,2,6,2,2024,19.602597420634925,19.64505813492064,19.616750992063498,19.55,ET,2024-06-10
2024-06-14,CSMG3.SA,14,4,2,6,2,2024,19.54920158730159,19.602597420634925,19.567000198412703,19.61,ET,2024-06-10
2024-06-17,CSMG3.SA,17,0,3,6,2,2024,19.608093253968256,19.54920158730159,19.5884626984127,19.85,ET,2024-06-10
2024-06-18,CSMG3.SA,18,1,3,6,2,2024,19.85340277777778,19.608093253968256,19.771632936507938,19.88,ET,2024-06-10
2024-06-11,PETR4.SA,11,1,2,6,2,2024,37.5,36.94,37.60666666666666,31.22,XGB,2024-06-10
2024-06-12,PETR4.SA,12,2,2,6,2,2024,31.216772079467773,37.5,33.31118138631185,27.26,XGB,2024-06-10
2024-06-13,PETR4.SA,13,3,2,6,2,2024,27.259292602539062,31.216772079467773,28.578453063964844,25.62,XGB,2024-06-10
2024-06-14,PETR4.SA,14,4,2,6,2,2024,25.62326431274414,27.259292602539062,26.168607711791992,22.17,XGB,2024-06-10
2024-06-17,PETR4.SA,17,0,3,6,2,2024,22.16956329345703,25.62326431274414,23.3207950592041,19.47,XGB,2024-06-10
2024-06-18,PETR4.SA,18,1,3,6,2,2024,19.471511840820312,22.16956329345703,20.37086296081543,17.02,XGB,2024-06-10
2024-06-11,PETR4.SA,11,1,2,6,2,2024,37.5,36.94,37.60666666666666,37.2,ET,2024-06-10
2024-06-12,PETR4.SA,12,2,2,6,2,2024,37.20029166666667,37.5,37.30019444444445,37.65,ET,2024-06-10
2024-06-13,PETR4.SA,13,3,2,6,2,2024,37.64762499999999,37.20029166666667,37.49851388888889,37.26,ET,2024-06-10
2024-06-14,PETR4.SA,14,4,2,6,2,2024,37.256708333333336,37.64762499999999,37.38701388888889,37.15,ET,2024-06-10
2024-06-17,PETR4.SA,17,0,3,6,2,2024,37.15120833333334,37.256708333333336,37.186375,37.64,ET,2024-06-10
2024-06-18,PETR4.SA,18,1,3,6,2,2024,37.63885984848485,37.15120833333334,37.476309343434345,37.76,ET,2024-06-10
2024-06-11,BRSR6.SA,11,1,2,6,2,2024,10.91,10.98,10.996666666666664,9.51,XGB,2024-06-10
2024-06-12,BRSR6.SA,12,2,2,6,2,2024,9.51087474822998,10.91,9.977249832153321,8.33,XGB,2024-06-10
2024-06-13,BRSR6.SA,13,3,2,6,2,2024,8.32763385772705,9.51087474822998,8.722046852111816,7.27,XGB,2024-06-10
2024-06-14,BRSR6.SA,14,4,2,6,2,2024,7.273782730102539,8.32763385772705,7.62506628036499,6.28,XGB,2024-06-10
2024-06-17,BRSR6.SA,17,0,3,6,2,2024,6.281532287597656,7.273782730102539,6.6122822761535645,5.59,XGB,2024-06-10
2024-06-18,BRSR6.SA,18,1,3,6,2,2024,5.594615936279297,6.281532287597656,5.823587894439697,5.01,XGB,2024-06-10
2024-06-11,BRSR6.SA,11,1,2,6,2,2024,10.91,10.98,10.996666666666664,11.0,ET,2024-06-10
2024-06-12,BRSR6.SA,12,2,2,6,2,2024,10.99603589599416,10.91,10.967357263996107,11.02,ET,2024-06-10
2024-06-13,BRSR6.SA,13,3,2,6,2,2024,11.02479302609731,10.99603589599416,11.015207316062927,11.06,ET,2024-06-10
2024-06-14,BRSR6.SA,14,4,2,6,2,2024,11.05632292120941,11.02479302609731,11.045812956172043,11.11,ET,2024-06-10
2024-06-17,BRSR6.SA,17,0,3,6,2,2024,11.109132313096403,11.05632292120941,11.091529182467406,11.04,ET,2024-06-10
2024-06-18,BRSR6.SA,18,1,3,6,2,2024,11.04144650233962,11.109132313096403,11.064008439258545,11.02,ET,2024-06-10
2024-06-12,BOVA11.SA,12,2,2,6,2,2024,117.86,117.35,117.44666666666667,101.04,XGB,2024-06-11
2024-06-13,BOVA11.SA,13,3,2,6,2,2024,101.03889465332031,117.86,106.64592976888021,87.56,XGB,2024-06-11
2024-06-14,BOVA11.SA,14,4,2,6,2,2024,87.55755615234375,101.03889465332031,92.05133056640625,74.17,XGB,2024-06-11
2024-06-17,BOVA11.SA,17,0,3,6,2,2024,74.1695327758789,87.55755615234375,78.6322021484375,65.91,XGB,2024-06-11
2024-06-18,BOVA11.SA,18,1,3,6,2,2024,65.91004943847656,74.1695327758789,68.66321563720703,58.11,XGB,2024-06-11
2024-06-19,BOVA11.SA,19,2,3,6,2,2024,58.10850524902344,65.91004943847656,60.70901870727539,50.57,XGB,2024-06-11
2024-06-12,BOVA11.SA,12,2,2,6,2,2024,117.86,117.35,117.44666666666667,117.36,ET,2024-06-11
2024-06-13,BOVA11.SA,13,3,2,6,2,2024,117.36451707512761,117.86,117.52967805008507,117.37,ET,2024-06-11
2024-06-14,BOVA11.SA,14,4,2,6,2,2024,117.36930094188219,117.36451707512761,117.36770631963066,117.3,ET,2024-06-11
2024-06-17,BOVA11.SA,17,0,3,6,2,2024,117.30017562136939,117.36930094188219,117.32321739487365,117.71,ET,2024-06-11
2024-06-18,BOVA11.SA,18,1,3,6,2,2024,117.7085471341159,117.30017562136939,117.57242329653373,117.86,ET,2024-06-11
2024-06-19,BOVA11.SA,19,2,3,6,2,2024,117.86219201816702,117.7085471341159,117.81097705681664,117.87,ET,2024-06-11
2024-06-12,BCFF11.SA,12,2,2,6,2,2024,8.48,8.49,8.55,7.4,XGB,2024-06-11
2024-06-13,BCFF11.SA,13,3,2,6,2,2024,7.398551940917969,8.48,7.759034627278646,6.52,XGB,2024-06-11
2024-06-14,BCFF11.SA,14,4,2,6,2,2024,6.519978046417236,7.398551940917969,6.812835693359375,5.6,XGB,2024-06-11
2024-06-17,BCFF11.SA,17,0,3,6,2,2024,5.60314416885376,6.519978046417236,5.908755779266357,4.9,XGB,2024-06-11
2024-06-18,BCFF11.SA,18,1,3,6,2,2024,4.902857303619385,5.60314416885376,5.13628625869751,4.32,XGB,2024-06-11
2024-06-19,BCFF11.SA,19,2,3,6,2,2024,4.322885513305664,4.902857303619385,4.516209125518799,3.84,XGB,2024-06-11
2024-06-12,BCFF11.SA,12,2,2,6,2,2024,8.48,8.49,8.55,8.55,ET,2024-06-11
2024-06-13,BCFF11.SA,13,3,2,6,2,2024,8.545913888888887,8.48,8.523942592592592,8.6,ET,2024-06-11
2024-06-14,BCFF11.SA,14,4,2,6,2,2024,8.595127347883595,8.545913888888887,8.578722861552025,8.63,ET,2024-06-11
2024-06-17,BCFF11.SA,17,0,3,6,2,2024,8.628436060004809,8.595127347883595,8.617333155964404,8.65,ET,2024-06-11
2024-06-18,BCFF11.SA,18,1,3,6,2,2024,8.651940740740741,8.628436060004809,8.644105847162097,8.61,ET,2024-06-11
2024-06-19,BCFF11.SA,19,2,3,6,2,2024,8.60675021494709,8.651940740740741,8.621813723544975,8.6,ET,2024-06-11
2024-06-12,TAEE4.SA,12,2,2,6,2,2024,11.25,11.22,11.253333333333332,9.79,XGB,2024-06-11
2024-06-13,TAEE4.SA,13,3,2,6,2,2024,9.786964416503906,11.25,10.274642944335938,8.57,XGB,2024-06-11
2024-06-14,TAEE4.SA,14,4,2,6,2,2024,8.57286548614502,9.786964416503906,8.977564811706543,7.65,XGB,2024-06-11
2024-06-17,TAEE4.SA,17,0,3,6,2,2024,7.64965295791626,8.57286548614502,7.957390308380127,6.9,XGB,2024-06-11
2024-06-18,TAEE4.SA,18,1,3,6,2,2024,6.8991379737854,7.64965295791626,7.1493096351623535,6.24,XGB,2024-06-11
2024-06-19,TAEE4.SA,19,2,3,6,2,2024,6.23627233505249,6.8991379737854,6.45722770690918,5.5,XGB,2024-06-11
2024-06-12,TAEE4.SA,12,2,2,6,2,2024,11.25,11.22,11.253333333333332,11.25,ET,2024-06-11
2024-06-13,TAEE4.SA,13,3,2,6,2,2024,11.248349479510058,11.25,11.248899653006704,11.27,ET,2024-06-11
2024-06-14,TAEE4.SA,14,4,2,6,2,2024,11.269400863226867,11.248349479510058,11.262383735321265,11.3,ET,2024-06-11
2024-06-17,TAEE4.SA,17,0,3,6,2,2024,11.3008987302206,11.269400863226867,11.29039944122269,11.31,ET,2024-06-11
2024-06-18,TAEE4.SA,18,1,3,6,2,2024,11.310224846564202,11.3008987302206,11.307116141116333,11.32,ET,2024-06-11
2024-06-19,TAEE4.SA,19,2,3,6,2,2024,11.319561888348897,11.310224846564202,11.316449541087332,11.33,ET,2024-06-11
2024-06-12,EGIE3.SA,12,2,2,6,2,2024,43.6,43.48,43.52,35.21,XGB,2024-06-11
2024-06-13,EGIE3.SA,13,3,2,6,2,2024,35.21289825439453,43.6,38.00859883626302,31.3,XGB,2024-06-11
2024-06-14,EGIE3.SA,14,4,2,6,2,2024,31.298810958862305,35.21289825439453,32.60350799560547,27.94,XGB,2024-06-11
2024-06-17,EGIE3.SA,17,0,3,6,2,2024,27.9407958984375,31.298810958862305,29.060134887695312,25.25,XGB,2024-06-11
2024-06-18,EGIE3.SA,18,1,3,6,2,2024,25.248197555541992,27.9407958984375,26.14573097229004,22.91,XGB,2024-06-11
2024-06-19,EGIE3.SA,19,2,3,6,2,2024,22.914676666259766,25.248197555541992,23.692514419555664,20.28,XGB,2024-06-11
2024-06-12,EGIE3.SA,12,2,2,6,2,2024,43.6,43.48,43.52,43.79,ET,2024-06-11
2024-06-13,EGIE3.SA,13,3,2,6,2,2024,43.78607384559884,43.6,43.72404923039923,43.86,ET,2024-06-11
2024-06-14,EGIE3.SA,14,4,2,6,2,2024,43.85737235750361,43.78607384559884,43.833606186868685,43.58,ET,2024-06-11
2024-06-17,EGIE3.SA,17,0,3,6,2,2024,43.580298611111104,43.85737235750361,43.672656526575274,43.85,ET,2024-06-11
2024-06-18,EGIE3.SA,18,1,3,6,2,2024,43.851119381313126,43.580298611111104,43.76084579124578,43.99,ET,2024-06-11
2024-06-19,EGIE3.SA,19,2,3,6,2,2024,43.99191759559885,43.851119381313126,43.944984857503606,43.98,ET,2024-06-11
2024-06-12,BBSE3.SA,12,2,2,6,2,2024,32.64,32.62,32.65,27.21,XGB,2024-06-11
2024-06-13,BBSE3.SA,13,3,2,6,2,2024,27.206811904907227,32.64,29.017874603271483,23.99,XGB,2024-06-11
2024-06-14,BBSE3.SA,14,4,2,6,2,2024,23.98554229736328,27.206811904907227,25.059297561645508,20.93,XGB,2024-06-11
2024-06-17,BBSE3.SA,17,0,3,6,2,2024,20.9342041015625,23.98554229736328,21.951316833496094,18.22,XGB,2024-06-11
2024-06-18,BBSE3.SA,18,1,3,6,2,2024,18.219257354736328,20.9342041015625,19.124238967895508,15.94,XGB,2024-06-11
2024-06-19,BBSE3.SA,19,2,3,6,2,2024,15.943353652954102,18.219257354736328,16.701988220214844,13.89,XGB,2024-06-11
2024-06-12,BBSE3.SA,12,2,2,6,2,2024,32.64,32.62,32.65,32.76,ET,2024-06-11
2024-06-13,BBSE3.SA,13,3,2,6,2,2024,32.757954290889586,32.64,32.71863619392639,32.81,ET,2024-06-11
2024-06-14,BBSE3.SA,14,4,2,6,2,2024,32.80842103777574,32.757954290889586,32.79159878881368,32.82,ET,2024-06-11
2024-06-17,BBSE3.SA,17,0,3,6,2,2024,32.82496707355004,32.80842103777574,32.819451728291945,32.85,ET,2024-06-11
2024-06-18,BBSE3.SA,18,1,3,6,2,2024,32.85187840735513,32.82496707355004,32.842907962753436,32.8,ET,2024-06-11
2024-06-19,BBSE3.SA,19,2,3,6,2,2024,32.79826642766814,32.85187840735513,32.8161370875638,32.79,ET,2024-06-11
2024-06-12,CSMG3.SA,12,2,2,6,2,2024,19.68,19.7,19.7,16.81,XGB,2024-06-11
2024-06-13,CSMG3.SA,13,3,2,6,2,2024,16.808839797973633,19.68,17.76589319864909,15.38,XGB,2024-06-11
2024-06-14,CSMG3.SA,14,4,2,6,2,2024,15.383346557617188,16.808839797973633,15.85851001739502,13.32,XGB,2024-06-11
2024-06-17,CSMG3.SA,17,0,3,6,2,2024,13.321418762207031,15.383346557617188,14.00872802734375,11.57,XGB,2024-06-11
2024-06-18,CSMG3.SA,18,1,3,6,2,2024,11.570846557617188,13.321418762207031,12.154370307922363,10.18,XGB,2024-06-11
2024-06-19,CSMG3.SA,19,2,3,6,2,2024,10.178023338317871,11.570846557617188,10.642298698425293,8.75,XGB,2024-06-11
2024-06-12,CSMG3.SA,12,2,2,6,2,2024,19.68,19.7,19.7,19.64,ET,2024-06-11
2024-06-13,CSMG3.SA,13,3,2,6,2,2024,19.638558279220778,19.68,19.652372186147186,19.62,ET,2024-06-11
2024-06-14,CSMG3.SA,14,4,2,6,2,2024,19.621599945887446,19.638558279220778,19.627252723665226,19.7,ET,2024-06-11
2024-06-17,CSMG3.SA,17,0,3,6,2,2024,19.69930143398269,19.621599945887446,19.67340093795094,19.72,ET,2024-06-11
2024-06-18,CSMG3.SA,18,1,3,6,2,2024,19.722606989538242,19.69930143398269,19.714838471019725,19.7,ET,2024-06-11
2024-06-19,CSMG3.SA,19,2,3,6,2,2024,19.6982049062049,19.722606989538242,19.706338933982682,19.68,ET,2024-06-11
2024-06-12,PETR4.SA,12,2,2,6,2,2024,37.87,37.5,37.43666666666667,31.23,XGB,2024-06-11
2024-06-13,PETR4.SA,13,3,2,6,2,2024,31.22540855407715,37.87,33.440272369384765,27.27,XGB,2024-06-11
2024-06-14,PETR4.SA,14,4,2,6,2,2024,27.274333953857422,31.22540855407715,28.591360092163086,25.66,XGB,2024-06-11
2024-06-17,PETR4.SA,17,0,3,6,2,2024,25.656814575195312,27.274333953857422,26.19598960876465,22.53,XGB,2024-06-11
2024-06-18,PETR4.SA,18,1,3,6,2,2024,22.525224685668945,25.656814575195312,23.5690860748291,19.56,XGB,2024-06-11
2024-06-19,PETR4.SA,19,2,3,6,2,2024,19.56104850769043,22.525224685668945,20.549108505249023,17.0,XGB,2024-06-11
2024-06-12,PETR4.SA,12,2,2,6,2,2024,37.87,37.5,37.43666666666667,37.57,ET,2024-06-11
2024-06-13,PETR4.SA,13,3,2,6,2,2024,37.567725,37.87,37.668483333333334,37.27,ET,2024-06-11
2024-06-14,PETR4.SA,14,4,2,6,2,2024,37.265220833333316,37.567725,37.36605555555555,37.38,ET,2024-06-11
2024-06-17,PETR4.SA,17,0,3,6,2,2024,37.3846375,37.265220833333316,37.34483194444444,37.75,ET,2024-06-11
2024-06-18,PETR4.SA,18,1,3,6,2,2024,37.74893333333332,37.3846375,37.62750138888888,37.92,ET,2024-06-11
2024-06-19,PETR4.SA,19,2,3,6,2,2024,37.92301666666665,37.74893333333332,37.86498888888887,38.01,ET,2024-06-11
2024-06-12,BRSR6.SA,12,2,2,6,2,2024,11.01,10.91,10.966666666666663,9.51,XGB,2024-06-11
2024-06-13,BRSR6.SA,13,3,2,6,2,2024,9.51127815246582,11.01,10.010852101643879,8.32,XGB,2024-06-11
2024-06-14,BRSR6.SA,14,4,2,6,2,2024,8.324786186218262,9.51127815246582,8.720283508300781,7.27,XGB,2024-06-11
2024-06-17,BRSR6.SA,17,0,3,6,2,2024,7.269417762756348,8.324786186218262,7.621206760406494,6.28,XGB,2024-06-11
2024-06-18,BRSR6.SA,18,1,3,6,2,2024,6.281735897064209,7.269417762756348,6.610963344573975,5.59,XGB,2024-06-11
2024-06-19,BRSR6.SA,19,2,3,6,2,2024,5.594898223876953,6.281735897064209,5.8238444328308105,5.01,XGB,2024-06-11
2024-06-12,BRSR6.SA,12,2,2,6,2,2024,11.01,10.91,10.966666666666663,11.05,ET,2024-06-11
2024-06-13,BRSR6.SA,13,3,2,6,2,2024,11.047496649071137,11.01,11.034997766047425,11.06,ET,2024-06-11
2024-06-14,BRSR6.SA,14,4,2,6,2,2024,11.063186739280798,11.047496649071137,11.057956709210913,11.07,ET,2024-06-11
2024-06-17,BRSR6.SA,17,0,3,6,2,2024,11.070972009885327,11.063186739280798,11.06837691968382,11.04,ET,2024-06-11
2024-06-18,BRSR6.SA,18,1,3,6,2,2024,11.044512646946393,11.070972009885327,11.053332434592704,11.0,ET,2024-06-11
2024-06-19,BRSR6.SA,19,2,3,6,2,2024,11.000657247409354,11.044512646946393,11.015275713921701,11.0,ET,2024-06-11
2024-06-13,BOVA11.SA,13,3,2,6,2,2024,116.5,117.35,116.99333333333334,114.56,XGB,2024-06-12
2024-06-14,BOVA11.SA,14,4,2,6,2,2024,114.55799865722656,116.5,116.13599955240886,113.71,XGB,2024-06-12
2024-06-17,BOVA11.SA,17,0,3,6,2,2024,113.70501708984375,114.55799865722656,114.92100524902344,112.3,XGB,2024-06-12
2024-06-18,BOVA11.SA,18,1,3,6,2,2024,112.30425262451172,113.70501708984375,113.52242279052734,111.47,XGB,2024-06-12
2024-06-19,BOVA11.SA,19,2,3,6,2,2024,111.46864318847656,112.30425262451172,112.49263763427734,111.1,XGB,2024-06-12
2024-06-20,BOVA11.SA,20,3,3,6,2,2024,111.09988403320312,111.46864318847656,111.62425994873047,110.71,XGB,2024-06-12
2024-06-13,BOVA11.SA,13,3,2,6,2,2024,116.5,117.35,116.99333333333334,116.21,ET,2024-06-12
2024-06-14,BOVA11.SA,14,4,2,6,2,2024,116.20891914231603,116.5,116.68630638077201,116.29,ET,2024-06-12
2024-06-17,BOVA11.SA,17,0,3,6,2,2024,116.2913996722699,116.20891914231603,116.333439604862,116.21,ET,2024-06-12
2024-06-18,BOVA11.SA,18,1,3,6,2,2024,116.21315242097953,116.2913996722699,116.23782374518849,116.01,ET,2024-06-12
2024-06-19,BOVA11.SA,19,2,3,6,2,2024,116.0083340876462,116.21315242097953,116.17096206029855,115.9,ET,2024-06-12
2024-06-20,BOVA11.SA,20,3,3,6,2,2024,115.89996728870442,116.0083340876462,116.04048459911006,115.4,ET,2024-06-12
2024-06-13,BCFF11.SA,13,3,2,6,2,2024,8.49,8.49,8.553333333333335,8.25,XGB,2024-06-12
2024-06-14,BCFF11.SA,14,4,2,6,2,2024,8.249242782592773,8.49,8.409747594197592,7.91,XGB,2024-06-12
2024-06-17,BCFF11.SA,17,0,3,6,2,2024,7.91263484954834,8.249242782592773,8.217292544047039,7.76,XGB,2024-06-12
2024-06-18,BCFF11.SA,18,1,3,6,2,2024,7.758835792541504,7.91263484954834,7.973570346832275,7.51,XGB,2024-06-12
2024-06-19,BCFF11.SA,19,2,3,6,2,2024,7.511534690856934,7.758835792541504,7.727668762207031,7.39,XGB,2024-06-12
2024-06-20,BCFF11.SA,20,3,3,6,2,2024,7.393332481384277,7.511534690856934,7.554567813873291,7.32,XGB,2024-06-12
2024-06-13,BCFF11.SA,13,3,2,6,2,2024,8.49,8.49,8.553333333333335,8.57,ET,2024-06-12
2024-06-14,BCFF11.SA,14,4,2,6,2,2024,8.573775,8.49,8.517925,8.63,ET,2024-06-12
2024-06-17,BCFF11.SA,17,0,3,6,2,2024,8.632191666666667,8.573775,8.565322222222223,8.65,ET,2024-06-12
2024-06-18,BCFF11.SA,18,1,3,6,2,2024,8.651502272727274,8.632191666666667,8.619156313131315,8.67,ET,2024-06-12
2024-06-19,BCFF11.SA,19,2,3,6,2,2024,8.67029393939394,8.651502272727274,8.651329292929294,8.65,ET,2024-06-12
2024-06-20,BCFF11.SA,20,3,3,6,2,2024,8.649226082251083,8.67029393939394,8.657007431457432,8.59,ET,2024-06-12
2024-06-13,TAEE4.SA,13,3,2,6,2,2024,11.21,11.22,11.24,11.0,XGB,2024-06-12
2024-06-14,TAEE4.SA,14,4,2,6,2,2024,10.999574661254883,11.21,11.143191553751628,10.81,XGB,2024-06-12
2024-06-17,TAEE4.SA,17,0,3,6,2,2024,10.80856704711914,10.999574661254883,11.006047236124674,10.61,XGB,2024-06-12
2024-06-18,TAEE4.SA,18,1,3,6,2,2024,10.61056137084961,10.80856704711914,10.806233406066895,10.46,XGB,2024-06-12
2024-06-19,TAEE4.SA,19,2,3,6,2,2024,10.463492393493652,10.61056137084961,10.627540588378906,10.37,XGB,2024-06-12
2024-06-20,TAEE4.SA,20,3,3,6,2,2024,10.36544132232666,10.463492393493652,10.47983169555664,10.2,XGB,2024-06-12
2024-06-13,TAEE4.SA,13,3,2,6,2,2024,11.21,11.22,11.24,11.21,ET,2024-06-12
2024-06-14,TAEE4.SA,14,4,2,6,2,2024,11.207114157278003,11.21,11.212371385759335,11.22,ET,2024-06-12
2024-06-17,TAEE4.SA,17,0,3,6,2,2024,11.215194663230385,11.207114157278003,11.210769606836129,11.21,ET,2024-06-12
2024-06-18,TAEE4.SA,18,1,3,6,2,2024,11.208679038230386,11.215194663230385,11.210329286246258,11.2,ET,2024-06-12
2024-06-19,TAEE4.SA,19,2,3,6,2,2024,11.204402996563719,11.208679038230386,11.209425566008164,11.21,ET,2024-06-12
2024-06-20,TAEE4.SA,20,3,3,6,2,2024,11.206418793267016,11.204402996563719,11.206500276020373,11.21,ET,2024-06-12
2024-06-13,EGIE3.SA,13,3,2,6,2,2024,43.15,43.48,43.370000000000005,41.82,XGB,2024-06-12
2024-06-14,EGIE3.SA,14,4,2,6,2,2024,41.815547943115234,43.15,42.81518264770508,41.26,XGB,2024-06-12
2024-06-17,EGIE3.SA,17,0,3,6,2,2024,41.26399230957031,41.815547943115234,42.07651341756185,40.88,XGB,2024-06-12
2024-06-18,EGIE3.SA,18,1,3,6,2,2024,40.8801383972168,41.26399230957031,41.31989669799805,40.03,XGB,2024-06-12
2024-06-19,EGIE3.SA,19,2,3,6,2,2024,40.02762985229492,40.8801383972168,40.72392272949219,39.47,XGB,2024-06-12
2024-06-20,EGIE3.SA,20,3,3,6,2,2024,39.47066879272461,40.02762985229492,40.12614440917969,38.98,XGB,2024-06-12
2024-06-13,EGIE3.SA,13,3,2,6,2,2024,43.15,43.48,43.370000000000005,43.35,ET,2024-06-12
2024-06-14,EGIE3.SA,14,4,2,6,2,2024,43.345450000000014,43.15,43.32515000000001,43.34,ET,2024-06-12
2024-06-17,EGIE3.SA,17,0,3,6,2,2024,43.34375,43.345450000000014,43.27973333333333,43.36,ET,2024-06-12
2024-06-18,EGIE3.SA,18,1,3,6,2,2024,43.35675000000001,43.34375,43.34865000000001,43.53,ET,2024-06-12
2024-06-19,EGIE3.SA,19,2,3,6,2,2024,43.53225000000001,43.35675000000001,43.41091666666667,43.69,ET,2024-06-12
2024-06-20,EGIE3.SA,20,3,3,6,2,2024,43.69050000000002,43.53225000000001,43.52650000000002,43.7,ET,2024-06-12
2024-06-13,BBSE3.SA,13,3,2,6,2,2024,32.35,32.62,32.553333333333335,31.21,XGB,2024-06-12
2024-06-14,BBSE3.SA,14,4,2,6,2,2024,31.210208892822266,32.35,32.06006963094075,30.38,XGB,2024-06-12
2024-06-17,BBSE3.SA,17,0,3,6,2,2024,30.383867263793945,31.210208892822266,31.3146920522054,29.61,XGB,2024-06-12
2024-06-18,BBSE3.SA,18,1,3,6,2,2024,29.613466262817383,30.383867263793945,30.40251350402832,28.99,XGB,2024-06-12
2024-06-19,BBSE3.SA,19,2,3,6,2,2024,28.987037658691406,29.613466262817383,29.66145896911621,28.27,XGB,2024-06-12
2024-06-20,BBSE3.SA,20,3,3,6,2,2024,28.267560958862305,28.987037658691406,28.956022262573242,27.7,XGB,2024-06-12
2024-06-13,BBSE3.SA,13,3,2,6,2,2024,32.35,32.62,32.553333333333335,32.33,ET,2024-06-12
2024-06-14,BBSE3.SA,14,4,2,6,2,2024,32.32970383249791,32.35,32.433234610832635,32.34,ET,2024-06-12
2024-06-17,BBSE3.SA,17,0,3,6,2,2024,32.34072261904763,32.32970383249791,32.340142150515184,32.27,ET,2024-06-12
2024-06-18,BBSE3.SA,18,1,3,6,2,2024,32.268664285714294,32.34072261904763,32.31303024575328,32.41,ET,2024-06-12
2024-06-19,BBSE3.SA,19,2,3,6,2,2024,32.41466359126985,32.268664285714294,32.341350165343925,32.46,ET,2024-06-12
2024-06-20,BBSE3.SA,20,3,3,6,2,2024,32.45571662731804,32.41466359126985,32.379681501434064,32.46,ET,2024-06-12
2024-06-13,CSMG3.SA,13,3,2,6,2,2024,19.44,19.7,19.62,18.77,XGB,2024-06-12
2024-06-14,CSMG3.SA,14,4,2,6,2,2024,18.773643493652344,19.44,19.304547831217448,18.28,XGB,2024-06-12
2024-06-17,CSMG3.SA,17,0,3,6,2,2024,18.28443145751953,18.773643493652344,18.832691650390625,17.71,XGB,2024-06-12
2024-06-18,CSMG3.SA,18,1,3,6,2,2024,17.710617065429688,18.28443145751953,18.2562313079834,17.07,XGB,2024-06-12
2024-06-19,CSMG3.SA,19,2,3,6,2,2024,17.07061195373535,17.710617065429688,17.688552856445312,16.41,XGB,2024-06-12
2024-06-20,CSMG3.SA,20,3,3,6,2,2024,16.41201400756836,17.07061195373535,17.06441307067871,15.92,XGB,2024-06-12
2024-06-13,CSMG3.SA,13,3,2,6,2,2024,19.44,19.7,19.62,19.6,ET,2024-06-12
2024-06-14,CSMG3.SA,14,4,2,6,2,2024,19.59961111111112,19.44,19.579870370370372,19.7,ET,2024-06-12
2024-06-17,CSMG3.SA,17,0,3,6,2,2024,19.697033333333337,19.59961111111112,19.578881481481485,19.74,ET,2024-06-12
2024-06-18,CSMG3.SA,18,1,3,6,2,2024,19.740154166666667,19.697033333333337,19.678932870370375,19.64,ET,2024-06-12
2024-06-19,CSMG3.SA,19,2,3,6,2,2024,19.642719444444445,19.740154166666667,19.69330231481482,19.66,ET,2024-06-12
2024-06-20,CSMG3.SA,20,3,3,6,2,2024,19.65611944444445,19.642719444444445,19.67966435185185,19.62,ET,2024-06-12
2024-06-13,PETR4.SA,13,3,2,6,2,2024,36.25,37.5,36.89666666666667,33.79,XGB,2024-06-12
2024-06-14,PETR4.SA,14,4,2,6,2,2024,33.791500091552734,36.25,35.84716669718424,31.81,XGB,2024-06-12
2024-06-17,PETR4.SA,17,0,3,6,2,2024,31.809955596923828,33.791500091552734,33.95048522949219,30.07,XGB,2024-06-12
2024-06-18,PETR4.SA,18,1,3,6,2,2024,30.072546005249023,31.809955596923828,31.891334533691406,28.97,XGB,2024-06-12
2024-06-19,PETR4.SA,19,2,3,6,2,2024,28.968290328979492,30.072546005249023,30.283597946166992,28.04,XGB,2024-06-12
2024-06-20,PETR4.SA,20,3,3,6,2,2024,28.042987823486328,28.968290328979492,29.02794075012207,27.36,XGB,2024-06-12
2024-06-13,PETR4.SA,13,3,2,6,2,2024,36.25,37.5,36.89666666666667,36.61,ET,2024-06-12
2024-06-14,PETR4.SA,14,4,2,6,2,2024,36.61006067927171,36.25,36.78668689309057,36.62,ET,2024-06-12
2024-06-17,PETR4.SA,17,0,3,6,2,2024,36.62065710784312,36.61006067927171,36.49357259570494,36.87,ET,2024-06-12
2024-06-18,PETR4.SA,18,1,3,6,2,2024,36.87435266159493,36.62065710784312,36.70169014956992,36.96,ET,2024-06-12
2024-06-19,PETR4.SA,19,2,3,6,2,2024,36.96225414969017,36.87435266159493,36.81908797304274,37.06,ET,2024-06-12
2024-06-20,PETR4.SA,20,3,3,6,2,2024,37.05933123302351,36.96225414969017,36.965312681436195,37.1,ET,2024-06-12
2024-06-13,BRSR6.SA,13,3,2,6,2,2024,10.94,10.91,10.943333333333333,11.1,XGB,2024-06-12
2024-06-14,BRSR6.SA,14,4,2,6,2,2024,11.099184036254883,10.94,10.983061345418294,11.03,XGB,2024-06-12
2024-06-17,BRSR6.SA,17,0,3,6,2,2024,11.033111572265625,11.099184036254883,11.024098536173502,10.98,XGB,2024-06-12
2024-06-18,BRSR6.SA,18,1,3,6,2,2024,10.978411674499512,11.033111572265625,11.03690242767334,10.97,XGB,2024-06-12
2024-06-19,BRSR6.SA,19,2,3,6,2,2024,10.970917701721191,10.978411674499512,10.994147300720215,11.0,XGB,2024-06-12
2024-06-20,BRSR6.SA,20,3,3,6,2,2024,10.99799919128418,10.970917701721191,10.982441902160645,11.02,XGB,2024-06-12
2024-06-13,BRSR6.SA,13,3,2,6,2,2024,10.94,10.91,10.943333333333333,11.07,ET,2024-06-12
2024-06-14,BRSR6.SA,14,4,2,6,2,2024,11.07434815500489,10.94,10.974782718334964,11.13,ET,2024-06-12
2024-06-17,BRSR6.SA,17,0,3,6,2,2024,11.133687069427802,11.07434815500489,11.049345074810896,11.07,ET,2024-06-12
2024-06-18,BRSR6.SA,18,1,3,6,2,2024,11.066832506440191,11.133687069427802,11.091622576957628,10.97,ET,2024-06-12
2024-06-19,BRSR6.SA,19,2,3,6,2,2024,10.974791062733747,11.066832506440191,11.058436879533915,11.02,ET,2024-06-12
2024-06-20,BRSR6.SA,20,3,3,6,2,2024,11.018287477576028,10.974791062733747,11.019970348916653,11.1,ET,2024-06-12
2024-06-14,BOVA11.SA,14,4,2,6,2,2024,116.56,116.46,117.00666666666666,114.72,XGB,2024-06-13
2024-06-17,BOVA11.SA,17,0,3,6,2,2024,114.71504974365234,116.56,115.91168324788411,113.7,XGB,2024-06-13
2024-06-18,BOVA11.SA,18,1,3,6,2,2024,113.69711303710938,114.71504974365234,114.99072092692057,112.71,XGB,2024-06-13
2024-06-19,BOVA11.SA,19,2,3,6,2,2024,112.7066879272461,113.69711303710938,113.70629119873047,112.21,XGB,2024-06-13
2024-06-20,BOVA11.SA,20,3,3,6,2,2024,112.20520782470703,112.7066879272461,112.86966705322266,111.52,XGB,2024-06-13
2024-06-21,BOVA11.SA,21,4,3,6,2,2024,111.5154037475586,112.20520782470703,112.1424331665039,110.9,XGB,2024-06-13
2024-06-14,BOVA11.SA,14,4,2,6,2,2024,116.56,116.46,117.00666666666666,116.56,ET,2024-06-13
2024-06-17,BOVA11.SA,17,0,3,6,2,2024,116.55638807650682,116.56,116.52546269216894,116.22,ET,2024-06-13
2024-06-18,BOVA11.SA,18,1,3,6,2,2024,116.22407643398267,116.55638807650682,116.4468215034965,116.06,ET,2024-06-13
2024-06-19,BOVA11.SA,19,2,3,6,2,2024,116.05943759920633,116.22407643398267,116.2799673698986,115.83,ET,2024-06-13
2024-06-20,BOVA11.SA,20,3,3,6,2,2024,115.83036168175434,116.05943759920633,116.03795857164778,115.52,ET,2024-06-13
2024-06-21,BOVA11.SA,21,4,3,6,2,2024,115.5215867611776,115.83036168175434,115.80379534737943,115.57,ET,2024-06-13
2024-06-14,BCFF11.SA,14,4,2,6,2,2024,8.3,8.51,8.430000000000001,8.12,XGB,2024-06-13
2024-06-17,BCFF11.SA,17,0,3,6,2,2024,8.121891021728516,8.3,8.310630340576173,7.83,XGB,2024-06-13
2024-06-18,BCFF11.SA,18,1,3,6,2,2024,7.832392692565918,8.121891021728516,8.084761238098144,7.63,XGB,2024-06-13
2024-06-19,BCFF11.SA,19,2,3,6,2,2024,7.633377552032471,7.832392692565918,7.86255407333374,7.45,XGB,2024-06-13
2024-06-20,BCFF11.SA,20,3,3,6,2,2024,7.450461387634277,7.633377552032471,7.638744354248047,7.33,XGB,2024-06-13
2024-06-21,BCFF11.SA,21,4,3,6,2,2024,7.327795505523682,7.450461387634277,7.470544815063477,7.25,XGB,2024-06-13
2024-06-14,BCFF11.SA,14,4,2,6,2,2024,8.3,8.51,8.430000000000001,8.42,ET,2024-06-13
2024-06-17,BCFF11.SA,17,0,3,6,2,2024,8.423666666666666,8.3,8.411222222222223,8.45,ET,2024-06-13
2024-06-18,BCFF11.SA,18,1,3,6,2,2024,8.446475000000003,8.423666666666666,8.390047222222224,8.48,ET,2024-06-13
2024-06-19,BCFF11.SA,19,2,3,6,2,2024,8.48395138888889,8.446475000000003,8.451364351851852,8.48,ET,2024-06-13
2024-06-20,BCFF11.SA,20,3,3,6,2,2024,8.475788194444444,8.48395138888889,8.468738194444446,8.42,ET,2024-06-13
2024-06-21,BCFF11.SA,21,4,3,6,2,2024,8.422089781746033,8.475788194444444,8.46060978835979,8.47,ET,2024-06-13
2024-06-14,TAEE4.SA,14,4,2,6,2,2024,11.2,11.2,11.24,10.97,XGB,2024-06-13
2024-06-17,TAEE4.SA,17,0,3,6,2,2024,10.966002464294434,11.2,11.122000821431477,10.76,XGB,2024-06-13
2024-06-18,TAEE4.SA,18,1,3,6,2,2024,10.75621223449707,10.966002464294434,10.974071566263836,10.57,XGB,2024-06-13
2024-06-19,TAEE4.SA,19,2,3,6,2,2024,10.568020820617676,10.75621223449707,10.763411521911621,10.42,XGB,2024-06-13
2024-06-20,TAEE4.SA,20,3,3,6,2,2024,10.42185115814209,10.568020820617676,10.58202838897705,10.3,XGB,2024-06-13
2024-06-21,TAEE4.SA,21,4,3,6,2,2024,10.299466133117676,10.42185115814209,10.429779052734375,10.19,XGB,2024-06-13
2024-06-14,TAEE4.SA,14,4,2,6,2,2024,11.2,11.2,11.24,11.19,ET,2024-06-13
2024-06-17,TAEE4.SA,17,0,3,6,2,2024,11.188492497780743,11.2,11.196164165926914,11.18,ET,2024-06-13
2024-06-18,TAEE4.SA,18,1,3,6,2,2024,11.182116554642956,11.188492497780743,11.190203017474566,11.18,ET,2024-06-13
2024-06-19,TAEE4.SA,19,2,3,6,2,2024,11.17873294658435,11.182116554642956,11.18311399966935,11.19,ET,2024-06-13
2024-06-20,TAEE4.SA,20,3,3,6,2,2024,11.189435831199734,11.17873294658435,11.183428444142345,11.18,ET,2024-06-13
2024-06-21,TAEE4.SA,21,4,3,6,2,2024,11.184256312801466,11.189435831199734,11.18414169686185,11.18,ET,2024-06-13
2024-06-14,EGIE3.SA,14,4,2,6,2,2024,43.63,43.47,43.56333333333333,41.85,XGB,2024-06-13
2024-06-17,EGIE3.SA,17,0,3,6,2,2024,41.84917068481445,43.63,42.98305689493815,41.24,XGB,2024-06-13
2024-06-18,EGIE3.SA,18,1,3,6,2,2024,41.23846435546875,41.84917068481445,42.2392116800944,40.57,XGB,2024-06-13
2024-06-19,EGIE3.SA,19,2,3,6,2,2024,40.56662368774414,41.23846435546875,41.218082427978516,39.86,XGB,2024-06-13
2024-06-20,EGIE3.SA,20,3,3,6,2,2024,39.863494873046875,40.56662368774414,40.55619430541992,39.27,XGB,2024-06-13
2024-06-21,EGIE3.SA,21,4,3,6,2,2024,39.26881408691406,39.863494873046875,39.89964294433594,38.83,XGB,2024-06-13
2024-06-14,EGIE3.SA,14,4,2,6,2,2024,43.63,43.47,43.56333333333333,43.42,ET,2024-06-13
2024-06-17,EGIE3.SA,17,0,3,6,2,2024,43.42052619047619,43.63,43.50684206349206,43.68,ET,2024-06-13
2024-06-18,EGIE3.SA,18,1,3,6,2,2024,43.68048035714286,43.42052619047619,43.57700218253968,43.75,ET,2024-06-13
2024-06-19,EGIE3.SA,19,2,3,6,2,2024,43.7450511904762,43.68048035714286,43.61535257936509,43.72,ET,2024-06-13
2024-06-20,EGIE3.SA,20,3,3,6,2,2024,43.72481716269842,43.7450511904762,43.71678290343916,43.76,ET,2024-06-13
2024-06-21,EGIE3.SA,21,4,3,6,2,2024,43.76309494047619,43.72481716269842,43.744321097883606,43.51,ET,2024-06-13
2024-06-14,BBSE3.SA,14,4,2,6,2,2024,32.72,32.47,32.656666666666666,31.36,XGB,2024-06-13
2024-06-17,BBSE3.SA,17,0,3,6,2,2024,31.361759185791016,32.72,32.183919728597004,30.37,XGB,2024-06-13
2024-06-18,BBSE3.SA,18,1,3,6,2,2024,30.372913360595703,31.361759185791016,31.484890848795573,29.62,XGB,2024-06-13
2024-06-19,BBSE3.SA,19,2,3,6,2,2024,29.619478225708008,30.372913360595703,30.451383590698242,29.01,XGB,2024-06-13
2024-06-20,BBSE3.SA,20,3,3,6,2,2024,29.00718879699707,29.619478225708008,29.666526794433594,28.44,XGB,2024-06-13
2024-06-21,BBSE3.SA,21,4,3,6,2,2024,28.437585830688477,29.00718879699707,29.02141761779785,27.78,XGB,2024-06-13
2024-06-14,BBSE3.SA,14,4,2,6,2,2024,32.72,32.47,32.656666666666666,32.79,ET,2024-06-13
2024-06-17,BBSE3.SA,17,0,3,6,2,2024,32.7907315072722,32.72,32.6602438357574,32.83,ET,2024-06-13
2024-06-18,BBSE3.SA,18,1,3,6,2,2024,32.82515017626422,32.7907315072722,32.778627227845476,32.75,ET,2024-06-13
2024-06-19,BBSE3.SA,19,2,3,6,2,2024,32.752681703805735,32.82515017626422,32.78952112911406,32.72,ET,2024-06-13
2024-06-20,BBSE3.SA,20,3,3,6,2,2024,32.72092404660184,32.752681703805735,32.76625197555727,32.77,ET,2024-06-13
2024-06-21,BBSE3.SA,21,4,3,6,2,2024,32.77159120930024,32.72092404660184,32.74839898656927,32.75,ET,2024-06-13
2024-06-14,CSMG3.SA,14,4,2,6,2,2024,19.58,19.31,19.446666666666662,18.7,XGB,2024-06-13
2024-06-17,CSMG3.SA,17,0,3,6,2,2024,18.70176887512207,19.58,19.197256291707358,18.45,XGB,2024-06-13
2024-06-18,CSMG3.SA,18,1,3,6,2,2024,18.449207305908203,18.70176887512207,18.910325393676757,17.56,XGB,2024-06-13
2024-06-19,CSMG3.SA,19,2,3,6,2,2024,17.555212020874023,18.449207305908203,18.235397338867188,17.01,XGB,2024-06-13
2024-06-20,CSMG3.SA,20,3,3,6,2,2024,17.012693405151367,17.555212020874023,17.67237091064453,16.53,XGB,2024-06-13
2024-06-21,CSMG3.SA,21,4,3,6,2,2024,16.529544830322266,17.012693405151367,17.03248405456543,16.05,XGB,2024-06-13
2024-06-14,CSMG3.SA,14,4,2,6,2,2024,19.58,19.31,19.446666666666662,19.81,ET,2024-06-13
2024-06-17,CSMG3.SA,17,0,3,6,2,2024,19.808595833333335,19.58,19.566198611111112,19.78,ET,2024-06-13
2024-06-18,CSMG3.SA,18,1,3,6,2,2024,19.777146726190484,19.808595833333335,19.72191418650794,19.69,ET,2024-06-13
2024-06-19,CSMG3.SA,19,2,3,6,2,2024,19.689736011904774,19.777146726190484,19.758492857142866,19.58,ET,2024-06-13
2024-06-20,CSMG3.SA,20,3,3,6,2,2024,19.58222470238096,19.689736011904774,19.683035813492072,19.56,ET,2024-06-13
2024-06-21,CSMG3.SA,21,4,3,6,2,2024,19.56496011904762,19.58222470238096,19.61230694444445,19.65,ET,2024-06-13
2024-06-14,PETR4.SA,14,4,2,6,2,2024,35.54,35.82,35.99333333333333,33.0,XGB,2024-06-13
2024-06-17,PETR4.SA,17,0,3,6,2,2024,33.00437545776367,35.54,34.78812515258789,30.67,XGB,2024-06-13
2024-06-18,PETR4.SA,18,1,3,6,2,2024,30.66621208190918,33.00437545776367,33.07019584655762,29.32,XGB,2024-06-13
2024-06-19,PETR4.SA,19,2,3,6,2,2024,29.32088851928711,30.66621208190918,30.997156143188477,28.09,XGB,2024-06-13
2024-06-20,PETR4.SA,20,3,3,6,2,2024,28.093873977661133,29.32088851928711,29.360322952270508,27.26,XGB,2024-06-13
2024-06-21,PETR4.SA,21,4,3,6,2,2024,27.25667381286621,28.093873977661133,28.223814010620117,26.54,XGB,2024-06-13
2024-06-14,PETR4.SA,14,4,2,6,2,2024,35.54,35.82,35.99333333333333,35.58,ET,2024-06-13
2024-06-17,PETR4.SA,17,0,3,6,2,2024,35.582498674242416,35.54,35.6474995580808,35.83,ET,2024-06-13
2024-06-18,PETR4.SA,18,1,3,6,2,2024,35.827023971861465,35.582498674242416,35.64984088203463,35.97,ET,2024-06-13
2024-06-19,PETR4.SA,19,2,3,6,2,2024,35.965473106060614,35.827023971861465,35.7916652507215,36.1,ET,2024-06-13
2024-06-20,PETR4.SA,20,3,3,6,2,2024,36.10319602272727,35.965473106060614,35.96523103354978,36.13,ET,2024-06-13
2024-06-21,PETR4.SA,21,4,3,6,2,2024,36.134429193722944,36.10319602272727,36.06769944083695,36.27,ET,2024-06-13
2024-06-14,BRSR6.SA,14,4,2,6,2,2024,11.0,10.97,11.023333333333333,11.02,XGB,2024-06-13
2024-06-17,BRSR6.SA,17,0,3,6,2,2024,11.024940490722656,11.0,10.998313496907551,11.04,XGB,2024-06-13
2024-06-18,BRSR6.SA,18,1,3,6,2,2024,11.043960571289062,11.024940490722656,11.022967020670572,11.02,XGB,2024-06-13
2024-06-19,BRSR6.SA,19,2,3,6,2,2024,11.020469665527344,11.043960571289062,11.029789924621582,11.02,XGB,2024-06-13
2024-06-20,BRSR6.SA,20,3,3,6,2,2024,11.021570205688477,11.020469665527344,11.028666496276855,11.02,XGB,2024-06-13
2024-06-21,BRSR6.SA,21,4,3,6,2,2024,11.022987365722656,11.021570205688477,11.021675109863281,11.0,XGB,2024-06-13
2024-06-14,BRSR6.SA,14,4,2,6,2,2024,11.0,10.97,11.023333333333333,11.06,ET,2024-06-13
2024-06-17,BRSR6.SA,17,0,3,6,2,2024,11.063591675386736,11.0,11.01119722512891,10.95,ET,2024-06-13
2024-06-18,BRSR6.SA,18,1,3,6,2,2024,10.946622399526017,11.063591675386736,11.003404691637584,10.99,ET,2024-06-13
2024-06-19,BRSR6.SA,19,2,3,6,2,2024,10.987602561886343,10.946622399526017,10.999272212266364,11.06,ET,2024-06-13
2024-06-20,BRSR6.SA,20,3,3,6,2,2024,11.05854789522684,10.987602561886343,10.997590952213066,11.02,ET,2024-06-13
2024-06-21,BRSR6.SA,21,4,3,6,2,2024,11.018223031764474,11.05854789522684,11.021457829625886,10.99,ET,2024-06-13
