mean_fit_time,std_fit_time,mean_score_time,std_score_time,param_estimator,param_learning_rate,param_loss,param_n_estimators,param_random_state,params,split0_test_score,split1_test_score,mean_test_score,std_test_score,rank_test_score,split0_train_score,split1_train_score,mean_train_score,std_train_score
0.04795563220977783,0.0006383657455444336,0.0058165788650512695,0.00016486644744873047,DecisionTreeRegressor(max_depth=1),1.0,linear,50,42,"{'estimator': DecisionTreeRegressor(max_depth=1), 'learning_rate': 1.0, 'loss': 'linear', 'n_estimators': 50, 'random_state': 42}",-7.408659931540408,-7.706742051424773,-7.557700991482591,0.14904105994218275,170,-5.942900472914945,-5.269004966690722,-5.605952719802834,0.33694775311211167
0.04687356948852539,0.0006833076477050781,0.006521940231323242,0.00016760826110839844,DecisionTreeRegressor(max_depth=1),1.0,linear,100,42,"{'estimator': DecisionTreeRegressor(max_depth=1), 'learning_rate': 1.0, 'loss': 'linear', 'n_estimators': 100, 'random_state': 42}",-7.408659931540408,-7.706742051424773,-7.557700991482591,0.14904105994218275,170,-5.942900472914945,-5.269004966690722,-5.605952719802834,0.33694775311211167
0.04573976993560791,0.0004636049270629883,0.0075571537017822266,0.0007302761077880859,DecisionTreeRegressor(max_depth=1),1.0,linear,200,42,"{'estimator': DecisionTreeRegressor(max_depth=1), 'learning_rate': 1.0, 'loss': 'linear', 'n_estimators': 200, 'random_state': 42}",-7.408659931540408,-7.706742051424773,-7.557700991482591,0.14904105994218275,170,-5.942900472914945,-5.269004966690722,-5.605952719802834,0.33694775311211167
0.15873265266418457,0.00929880142211914,0.0165330171585083,0.0005372762680053711,DecisionTreeRegressor(max_depth=1),1.0,square,50,42,"{'estimator': DecisionTreeRegressor(max_depth=1), 'learning_rate': 1.0, 'loss': 'square', 'n_estimators': 50, 'random_state': 42}",-4.2078144573907,-6.390663898276852,-5.299239177833776,1.0914247204430758,146,-3.6705983125208417,-4.012572554701847,-3.8415854336113444,0.17098712109050251
0.31319403648376465,0.01834845542907715,0.025690436363220215,0.0017682313919067383,DecisionTreeRegressor(max_depth=1),1.0,square,100,42,"{'estimator': DecisionTreeRegressor(max_depth=1), 'learning_rate': 1.0, 'loss': 'square', 'n_estimators': 100, 'random_state': 42}",-4.875236962642302,-6.210671487387067,-5.542954225014684,0.6677172623723826,147,-4.411563364402468,-4.6386079797192235,-4.525085672060846,0.11352230765837756
0.6186103820800781,0.031912803649902344,0.047759413719177246,0.0005856752395629883,DecisionTreeRegressor(max_depth=1),1.0,square,200,42,"{'estimator': DecisionTreeRegressor(max_depth=1), 'learning_rate': 1.0, 'loss': 'square', 'n_estimators': 200, 'random_state': 42}",-4.773090997936261,-5.443630429701584,-5.108360713818922,0.33526971588266186,145,-4.516217135441691,-4.557686289748166,-4.536951712594929,0.020734577153237677
0.1691058874130249,0.012570500373840332,0.013086318969726562,0.001683950424194336,DecisionTreeRegressor(max_depth=1),1.0,exponential,50,42,"{'estimator': DecisionTreeRegressor(max_depth=1), 'learning_rate': 1.0, 'loss': 'exponential', 'n_estimators': 50, 'random_state': 42}",-7.350322734625494,-8.153834110432754,-7.752078422529124,0.40175568790363014,180,-5.328032546226586,-4.933598165572991,-5.130815355899788,0.19721719032679763
0.35403478145599365,0.04344046115875244,0.025327205657958984,0.0004475116729736328,DecisionTreeRegressor(max_depth=1),1.0,exponential,100,42,"{'estimator': DecisionTreeRegressor(max_depth=1), 'learning_rate': 1.0, 'loss': 'exponential', 'n_estimators': 100, 'random_state': 42}",-7.2291019293329635,-7.814667739028197,-7.521884834180581,0.2927829048476167,167,-4.760083387446114,-4.210584566830941,-4.485333977138527,0.2747494103075865
0.7087759971618652,0.061838626861572266,0.048415303230285645,0.00248110294342041,DecisionTreeRegressor(max_depth=1),1.0,exponential,200,42,"{'estimator': DecisionTreeRegressor(max_depth=1), 'learning_rate': 1.0, 'loss': 'exponential', 'n_estimators': 200, 'random_state': 42}",-7.239757990032959,-7.9242718519522795,-7.582014920992619,0.34225693095966037,175,-4.571785108251105,-4.203306944845794,-4.387546026548449,0.1842390817026556
0.09090054035186768,0.022453665733337402,0.010486245155334473,0.0014585256576538086,DecisionTreeRegressor(max_depth=1),0.5,linear,50,42,"{'estimator': DecisionTreeRegressor(max_depth=1), 'learning_rate': 0.5, 'loss': 'linear', 'n_estimators': 50, 'random_state': 42}",-7.226899540879544,-6.607798908318354,-6.917349224598949,0.30955031628059526,150,-5.873447629476466,-4.664716662031052,-5.269082145753758,0.6043654837227073
0.11363041400909424,0.003301262855529785,0.010963082313537598,0.0023974180221557617,DecisionTreeRegressor(max_depth=1),0.5,linear,100,42,"{'estimator': DecisionTreeRegressor(max_depth=1), 'learning_rate': 0.5, 'loss': 'linear', 'n_estimators': 100, 'random_state': 42}",-7.226899540879544,-6.607798908318354,-6.917349224598949,0.30955031628059526,150,-5.873447629476466,-4.664716662031052,-5.269082145753758,0.6043654837227073
0.10515820980072021,0.016105055809020996,0.009769201278686523,0.002602100372314453,DecisionTreeRegressor(max_depth=1),0.5,linear,200,42,"{'estimator': DecisionTreeRegressor(max_depth=1), 'learning_rate': 0.5, 'loss': 'linear', 'n_estimators': 200, 'random_state': 42}",-7.226899540879544,-6.607798908318354,-6.917349224598949,0.30955031628059526,150,-5.873447629476466,-4.664716662031052,-5.269082145753758,0.6043654837227073
0.18608903884887695,0.0024871826171875,0.019051313400268555,3.4809112548828125e-05,DecisionTreeRegressor(max_depth=1),0.5,square,50,42,"{'estimator': DecisionTreeRegressor(max_depth=1), 'learning_rate': 0.5, 'loss': 'square', 'n_estimators': 50, 'random_state': 42}",-7.07577156004706,-7.105137336287146,-7.090454448167103,0.014682888120042925,153,-5.363487560096571,-4.78255240941661,-5.07301998475659,0.2904675753399806
0.3340545892715454,0.02531731128692627,0.029252290725708008,0.0042705535888671875,DecisionTreeRegressor(max_depth=1),0.5,square,100,42,"{'estimator': DecisionTreeRegressor(max_depth=1), 'learning_rate': 0.5, 'loss': 'square', 'n_estimators': 100, 'random_state': 42}",-6.438880273188455,-6.11756801844601,-6.278224145817233,0.16065612737122237,149,-4.4364633331274765,-4.15070274679881,-4.293583039963144,0.14288029316433315
0.7058584690093994,0.08382296562194824,0.05579221248626709,0.0043669939041137695,DecisionTreeRegressor(max_depth=1),0.5,square,200,42,"{'estimator': DecisionTreeRegressor(max_depth=1), 'learning_rate': 0.5, 'loss': 'square', 'n_estimators': 200, 'random_state': 42}",-5.490859359833332,-6.3815672477181895,-5.9362133037757605,0.44535394394242855,148,-4.652717737091747,-4.762314719779691,-4.707516228435718,0.05479849134397208
0.18109476566314697,0.0112837553024292,0.014139294624328613,0.001309514045715332,DecisionTreeRegressor(max_depth=1),0.5,exponential,50,42,"{'estimator': DecisionTreeRegressor(max_depth=1), 'learning_rate': 0.5, 'loss': 'exponential', 'n_estimators': 50, 'random_state': 42}",-7.245559762772528,-7.688536141208142,-7.4670479519903346,0.2214881892178071,163,-5.757207610869215,-5.13715715577426,-5.447182383321738,0.3100252275474773
0.3806116580963135,0.05097603797912598,0.02708446979522705,0.0003217458724975586,DecisionTreeRegressor(max_depth=1),0.5,exponential,100,42,"{'estimator': DecisionTreeRegressor(max_depth=1), 'learning_rate': 0.5, 'loss': 'exponential', 'n_estimators': 100, 'random_state': 42}",-7.14712036402162,-7.8453691798701435,-7.496244771945882,0.3491244079242617,165,-5.396871127717157,-4.815766541459044,-5.1063188345881,0.2905522931290565
0.7228648662567139,0.03846025466918945,0.052751898765563965,0.008152604103088379,DecisionTreeRegressor(max_depth=1),0.5,exponential,200,42,"{'estimator': DecisionTreeRegressor(max_depth=1), 'learning_rate': 0.5, 'loss': 'exponential', 'n_estimators': 200, 'random_state': 42}",-7.096600348780108,-8.036729762308946,-7.566665055544528,0.4700647067644188,173,-4.860708416015305,-4.366156023691234,-4.613432219853269,0.24727619616203533
0.19620120525360107,0.03032529354095459,0.022301435470581055,0.009034395217895508,DecisionTreeRegressor(max_depth=1),0.1,linear,50,42,"{'estimator': DecisionTreeRegressor(max_depth=1), 'learning_rate': 0.1, 'loss': 'linear', 'n_estimators': 50, 'random_state': 42}",-7.311557089017869,-7.080412025260248,-7.195984557139059,0.11557253187881056,156,-5.724019208797308,-4.871419565294121,-5.297719387045714,0.4262998217515932
0.3115304708480835,0.07038319110870361,0.021810412406921387,0.003605484962463379,DecisionTreeRegressor(max_depth=1),0.1,linear,100,42,"{'estimator': DecisionTreeRegressor(max_depth=1), 'learning_rate': 0.1, 'loss': 'linear', 'n_estimators': 100, 'random_state': 42}",-7.194815600680304,-7.173359816788905,-7.184087708734605,0.01072789194569923,154,-5.77827048463556,-4.761406717758058,-5.26983860119681,0.5084318834387509
0.3406331539154053,0.11020088195800781,0.025979280471801758,0.009524822235107422,DecisionTreeRegressor(max_depth=1),0.1,linear,200,42,"{'estimator': DecisionTreeRegressor(max_depth=1), 'learning_rate': 0.1, 'loss': 'linear', 'n_estimators': 200, 'random_state': 42}",-7.199946309121055,-7.173359816788905,-7.18665306295498,0.013293246166074635,155,-5.813983783463976,-4.761406717758058,-5.2876952506110175,0.5262885328529587
0.18946540355682373,0.009854912757873535,0.01708841323852539,0.0013096332550048828,DecisionTreeRegressor(max_depth=1),0.1,square,50,42,"{'estimator': DecisionTreeRegressor(max_depth=1), 'learning_rate': 0.1, 'loss': 'square', 'n_estimators': 50, 'random_state': 42}",-7.390409823859422,-7.978201973528097,-7.68430589869376,0.29389607483433755,177,-5.998875858947255,-5.250646480942361,-5.624761169944808,0.3741146890024467
0.3757890462875366,0.018313288688659668,0.032928466796875,0.003895282745361328,DecisionTreeRegressor(max_depth=1),0.1,square,100,42,"{'estimator': DecisionTreeRegressor(max_depth=1), 'learning_rate': 0.1, 'loss': 'square', 'n_estimators': 100, 'random_state': 42}",-7.3391034051035335,-7.9755004192547485,-7.6573019121791415,0.3181985070756075,176,-5.88070743805405,-5.255247699729486,-5.567977568891768,0.3127298691622822
0.7372195720672607,0.04869723320007324,0.08444845676422119,0.02829301357269287,DecisionTreeRegressor(max_depth=1),0.1,square,200,42,"{'estimator': DecisionTreeRegressor(max_depth=1), 'learning_rate': 0.1, 'loss': 'square', 'n_estimators': 200, 'random_state': 42}",-7.270133092665519,-7.502000823200807,-7.3860669579331635,0.11593386526764382,159,-5.615771924203448,-4.983804378326164,-5.299788151264806,0.31598377293864166
0.2001962661743164,0.014726877212524414,0.017951011657714844,0.003574848175048828,DecisionTreeRegressor(max_depth=1),0.1,exponential,50,42,"{'estimator': DecisionTreeRegressor(max_depth=1), 'learning_rate': 0.1, 'loss': 'exponential', 'n_estimators': 50, 'random_state': 42}",-7.429720583943619,-7.113638138343229,-7.271679361143424,0.15804122280019506,157,-5.818182903860902,-4.909838013642139,-5.364010458751521,0.4541724451093816
0.3804779052734375,0.013494729995727539,0.026352763175964355,0.00021016597747802734,DecisionTreeRegressor(max_depth=1),0.1,exponential,100,42,"{'estimator': DecisionTreeRegressor(max_depth=1), 'learning_rate': 0.1, 'loss': 'exponential', 'n_estimators': 100, 'random_state': 42}",-7.239938980067868,-8.198149379176732,-7.7190441796222995,0.47910519955443176,178,-5.7967737735668825,-5.385542056865812,-5.591157915216347,0.20561585835053542
0.8122457265853882,0.1312195062637329,0.05917370319366455,0.017955899238586426,DecisionTreeRegressor(max_depth=1),0.1,exponential,200,42,"{'estimator': DecisionTreeRegressor(max_depth=1), 'learning_rate': 0.1, 'loss': 'exponential', 'n_estimators': 200, 'random_state': 42}",-7.199124569048465,-8.251478866764607,-7.725301717906536,0.5261771488580713,179,-5.783014366562566,-5.395362216130928,-5.589188291346747,0.19382607521581896
0.1819162368774414,0.021463394165039062,0.015201449394226074,0.000552058219909668,DecisionTreeRegressor(max_depth=1),0.01,linear,50,42,"{'estimator': DecisionTreeRegressor(max_depth=1), 'learning_rate': 0.01, 'loss': 'linear', 'n_estimators': 50, 'random_state': 42}",-7.905223716283243,-7.204076299377286,-7.554650007830265,0.3505737084529783,168,-6.0396820249217695,-5.451296562163338,-5.745489293542554,0.29419273137921564
0.36678969860076904,0.032949090003967285,0.030735492706298828,0.0013096332550048828,DecisionTreeRegressor(max_depth=1),0.01,linear,100,42,"{'estimator': DecisionTreeRegressor(max_depth=1), 'learning_rate': 0.01, 'loss': 'linear', 'n_estimators': 100, 'random_state': 42}",-7.807690642605367,-7.164121275906943,-7.485905959256155,0.32178468334921195,164,-5.98859943281765,-5.415888615819009,-5.702244024318329,0.2863554084993205
0.9257570505142212,0.24631106853485107,0.06722450256347656,0.01915121078491211,DecisionTreeRegressor(max_depth=1),0.01,linear,200,42,"{'estimator': DecisionTreeRegressor(max_depth=1), 'learning_rate': 0.01, 'loss': 'linear', 'n_estimators': 200, 'random_state': 42}",-7.6395620977808205,-7.111493822380588,-7.375527960080705,0.2640341377001163,158,-5.939529256127526,-5.225258919024777,-5.5823940875761515,0.35713516855137417
0.1772446632385254,0.012086153030395508,0.014310240745544434,0.00225222110748291,DecisionTreeRegressor(max_depth=1),0.01,square,50,42,"{'estimator': DecisionTreeRegressor(max_depth=1), 'learning_rate': 0.01, 'loss': 'square', 'n_estimators': 50, 'random_state': 42}",-7.927117762211289,-7.208035268004253,-7.5675765151077705,0.3595412471035177,174,-6.053883280161488,-5.431849660839697,-5.7428664705005925,0.3110168096608952
0.4389512538909912,0.09701871871948242,0.03543829917907715,0.00697779655456543,DecisionTreeRegressor(max_depth=1),0.01,square,100,42,"{'estimator': DecisionTreeRegressor(max_depth=1), 'learning_rate': 0.01, 'loss': 'square', 'n_estimators': 100, 'random_state': 42}",-7.688919829424695,-7.215852527090934,-7.4523861782578145,0.23653365116688052,162,-5.97791269417664,-5.286034842333397,-5.631973768255018,0.34593892592162145
1.0095667839050293,0.045139312744140625,0.07091319561004639,0.007527470588684082,DecisionTreeRegressor(max_depth=1),0.01,square,200,42,"{'estimator': DecisionTreeRegressor(max_depth=1), 'learning_rate': 0.01, 'loss': 'square', 'n_estimators': 200, 'random_state': 42}",-7.50295560676527,-7.2778894470084206,-7.390422526886845,0.11253307987842476,160,-5.957208408938157,-4.650584065107036,-5.303896237022596,0.6533121719155606
0.24370265007019043,0.006276130676269531,0.0251847505569458,0.007892727851867676,DecisionTreeRegressor(max_depth=1),0.01,exponential,50,42,"{'estimator': DecisionTreeRegressor(max_depth=1), 'learning_rate': 0.01, 'loss': 'exponential', 'n_estimators': 50, 'random_state': 42}",-7.93106227481442,-7.182163679163531,-7.556612976988975,0.37444929782544456,169,-6.0687562698051085,-5.45357149416084,-5.7611638819829745,0.30759238782213405
0.5342445373535156,0.055048227310180664,0.04884517192840576,0.008776545524597168,DecisionTreeRegressor(max_depth=1),0.01,exponential,100,42,"{'estimator': DecisionTreeRegressor(max_depth=1), 'learning_rate': 0.01, 'loss': 'exponential', 'n_estimators': 100, 'random_state': 42}",-7.825417851771681,-7.171049630315797,-7.498233741043739,0.32718411072794185,166,-6.010087438882712,-5.417039237010816,-5.7135633379467645,0.29652410093594783
1.0900161266326904,0.04265713691711426,0.06580138206481934,0.005084514617919922,DecisionTreeRegressor(max_depth=1),0.01,exponential,200,42,"{'estimator': DecisionTreeRegressor(max_depth=1), 'learning_rate': 0.01, 'loss': 'exponential', 'n_estimators': 200, 'random_state': 42}",-7.690401962247406,-7.112947574444652,-7.401674768346028,0.2887271939013769,161,-5.9526737813691,-5.207794881197315,-5.580234331283208,0.3724394500858925
0.3187474012374878,0.027520060539245605,0.02421259880065918,0.002786397933959961,DecisionTreeRegressor(max_depth=3),1.0,linear,50,42,"{'estimator': DecisionTreeRegressor(max_depth=3), 'learning_rate': 1.0, 'loss': 'linear', 'n_estimators': 50, 'random_state': 42}",-2.027206233316754,-1.6641744985081763,-1.845690365912465,0.18151586740428882,114,-1.2810252937888589,-1.3156342975690563,-1.2983297956789577,0.01730450189009869
0.44973528385162354,0.13871371746063232,0.03133261203765869,0.006054520606994629,DecisionTreeRegressor(max_depth=3),1.0,linear,100,42,"{'estimator': DecisionTreeRegressor(max_depth=3), 'learning_rate': 1.0, 'loss': 'linear', 'n_estimators': 100, 'random_state': 42}",-2.027206233316754,-1.6261109840904926,-1.8266586087036232,0.2005476246131307,112,-1.2810252937888589,-1.3225871922875185,-1.3018062430381887,0.020780949249329828
0.4748927354812622,0.24071967601776123,0.0349423885345459,0.010199546813964844,DecisionTreeRegressor(max_depth=3),1.0,linear,200,42,"{'estimator': DecisionTreeRegressor(max_depth=3), 'learning_rate': 1.0, 'loss': 'linear', 'n_estimators': 200, 'random_state': 42}",-2.027206233316754,-1.695668266223133,-1.8614372497699434,0.16576898354681047,115,-1.2810252937888589,-1.3376950998839876,-1.3093601968364232,0.028334903047564364
0.2630103826522827,0.016988635063171387,0.036739349365234375,0.0008633136749267578,DecisionTreeRegressor(max_depth=3),1.0,square,50,42,"{'estimator': DecisionTreeRegressor(max_depth=3), 'learning_rate': 1.0, 'loss': 'square', 'n_estimators': 50, 'random_state': 42}",-2.322751517400292,-1.571996972148975,-1.9473742447746336,0.37537727262565856,125,-1.3497394402921818,-1.3915698654198851,-1.3706546528560335,0.02091521256385165
0.5877171754837036,0.04644644260406494,0.03718698024749756,0.00042068958282470703,DecisionTreeRegressor(max_depth=3),1.0,square,100,42,"{'estimator': DecisionTreeRegressor(max_depth=3), 'learning_rate': 1.0, 'loss': 'square', 'n_estimators': 100, 'random_state': 42}",-2.2958729221917196,-1.5638810006105193,-1.9298769614011193,0.36599596079060015,124,-1.3795611454560337,-1.3845987031536364,-1.382079924304835,0.002518778848801362
1.162784457206726,0.11116516590118408,0.06701552867889404,0.0065659284591674805,DecisionTreeRegressor(max_depth=3),1.0,square,200,42,"{'estimator': DecisionTreeRegressor(max_depth=3), 'learning_rate': 1.0, 'loss': 'square', 'n_estimators': 200, 'random_state': 42}",-2.26803577497881,-1.5876723974361222,-1.927854086207466,0.3401816887713438,123,-1.4371114855133706,-1.4187629355137958,-1.4279372105135832,0.009174274999787402
0.3008526563644409,0.05039823055267334,0.02282238006591797,0.0016376972198486328,DecisionTreeRegressor(max_depth=3),1.0,exponential,50,42,"{'estimator': DecisionTreeRegressor(max_depth=3), 'learning_rate': 1.0, 'loss': 'exponential', 'n_estimators': 50, 'random_state': 42}",-2.150955559913807,-1.7613384178556675,-1.9561469888847371,0.1948085710290698,126,-1.3626007829962425,-1.2849032880189408,-1.3237520355075918,0.03884874748865086
0.655754566192627,0.11691117286682129,0.03994297981262207,0.0057566165924072266,DecisionTreeRegressor(max_depth=3),1.0,exponential,100,42,"{'estimator': DecisionTreeRegressor(max_depth=3), 'learning_rate': 1.0, 'loss': 'exponential', 'n_estimators': 100, 'random_state': 42}",-2.292979991749312,-1.7335745570166041,-2.013277274382958,0.2797027173663539,132,-1.3676969377904036,-1.3418256592713007,-1.3547612985308521,0.012935639259551435
1.1360191106796265,0.09796297550201416,0.06429910659790039,0.018171072006225586,DecisionTreeRegressor(max_depth=3),1.0,exponential,200,42,"{'estimator': DecisionTreeRegressor(max_depth=3), 'learning_rate': 1.0, 'loss': 'exponential', 'n_estimators': 200, 'random_state': 42}",-2.364594943070958,-1.7528636937592459,-2.058729318415102,0.3058656246558561,135,-1.3979962426853305,-1.382932367258338,-1.3904643049718342,0.007531937713496251
0.36162078380584717,0.08872592449188232,0.029078364372253418,0.007264971733093262,DecisionTreeRegressor(max_depth=3),0.5,linear,50,42,"{'estimator': DecisionTreeRegressor(max_depth=3), 'learning_rate': 0.5, 'loss': 'linear', 'n_estimators': 50, 'random_state': 42}",-1.945790669081085,-1.696154413091073,-1.8209725410860789,0.12481812799500591,110,-1.2560407227485901,-1.2784558120163254,-1.2672482673824579,0.011207544633867639
0.4086885452270508,0.06590986251831055,0.027143001556396484,0.007971048355102539,DecisionTreeRegressor(max_depth=3),0.5,linear,100,42,"{'estimator': DecisionTreeRegressor(max_depth=3), 'learning_rate': 0.5, 'loss': 'linear', 'n_estimators': 100, 'random_state': 42}",-2.049247402186854,-1.696154413091073,-1.8727009076389636,0.1765464945478904,116,-1.2917301315818692,-1.2784558120163254,-1.2850929717990973,0.0066371597827719064
0.38030099868774414,0.0695352554321289,0.024622082710266113,0.005315184593200684,DecisionTreeRegressor(max_depth=3),0.5,linear,200,42,"{'estimator': DecisionTreeRegressor(max_depth=3), 'learning_rate': 0.5, 'loss': 'linear', 'n_estimators': 200, 'random_state': 42}",-2.049247402186854,-1.696154413091073,-1.8727009076389636,0.1765464945478904,116,-1.2917301315818692,-1.2784558120163254,-1.2850929717990973,0.0066371597827719064
0.2670787572860718,0.024677634239196777,0.023029565811157227,0.005726337432861328,DecisionTreeRegressor(max_depth=3),0.5,square,50,42,"{'estimator': DecisionTreeRegressor(max_depth=3), 'learning_rate': 0.5, 'loss': 'square', 'n_estimators': 50, 'random_state': 42}",-2.0196823631993506,-1.6298788490762948,-1.8247806061378227,0.1949017570615279,111,-1.3217208249402024,-1.3358850643386404,-1.3288029446394214,0.007082119699219014
0.49686241149902344,0.031545400619506836,0.031742095947265625,0.007725954055786133,DecisionTreeRegressor(max_depth=3),0.5,square,100,42,"{'estimator': DecisionTreeRegressor(max_depth=3), 'learning_rate': 0.5, 'loss': 'square', 'n_estimators': 100, 'random_state': 42}",-2.005699811754858,-1.6219857419002832,-1.8138427768275704,0.19185703492728734,109,-1.367806291922294,-1.3511006682011997,-1.3594534800617468,0.008352811860547149
0.926323413848877,0.04027986526489258,0.05592834949493408,0.004578948020935059,DecisionTreeRegressor(max_depth=3),0.5,square,200,42,"{'estimator': DecisionTreeRegressor(max_depth=3), 'learning_rate': 0.5, 'loss': 'square', 'n_estimators': 200, 'random_state': 42}",-2.1995972715492758,-1.5881491241061916,-1.8938731978277337,0.3057240737215421,118,-1.3986931891642778,-1.3832724450118281,-1.390982817088053,0.007710372076224825
0.30640077590942383,0.035016536712646484,0.02061283588409424,0.0007156133651733398,DecisionTreeRegressor(max_depth=3),0.5,exponential,50,42,"{'estimator': DecisionTreeRegressor(max_depth=3), 'learning_rate': 0.5, 'loss': 'exponential', 'n_estimators': 50, 'random_state': 42}",-2.1503278772167786,-1.7701434702007048,-1.9602356737087416,0.1900922035080369,127,-1.2968296791476084,-1.296518053461699,-1.2966738663046535,0.00015581284295473896
0.4837692975997925,0.047797560691833496,0.02716052532196045,0.002584099769592285,DecisionTreeRegressor(max_depth=3),0.5,exponential,100,42,"{'estimator': DecisionTreeRegressor(max_depth=3), 'learning_rate': 0.5, 'loss': 'exponential', 'n_estimators': 100, 'random_state': 42}",-2.101067713502471,-1.7319166347658892,-1.91649217413418,0.18457553936829085,121,-1.2824608396759167,-1.3104729576704583,-1.2964668986731875,0.01400605899727081
0.8770947456359863,0.09090304374694824,0.05019736289978027,0.0021588802337646484,DecisionTreeRegressor(max_depth=3),0.5,exponential,200,42,"{'estimator': DecisionTreeRegressor(max_depth=3), 'learning_rate': 0.5, 'loss': 'exponential', 'n_estimators': 200, 'random_state': 42}",-2.2305692945244044,-1.7633921084642519,-1.9969807014943282,0.23358859303007629,131,-1.33064575238328,-1.3526104946058657,-1.3416281234945728,0.010982371111292855
0.2638883590698242,0.018553495407104492,0.016099095344543457,0.0009111166000366211,DecisionTreeRegressor(max_depth=3),0.1,linear,50,42,"{'estimator': DecisionTreeRegressor(max_depth=3), 'learning_rate': 0.1, 'loss': 'linear', 'n_estimators': 50, 'random_state': 42}",-2.206330661918465,-1.880063089420373,-2.0431968756694188,0.16313378624904595,134,-1.3658930563578684,-1.3079652603212093,-1.3369291583395388,0.028963898018329548
0.48588454723358154,0.06022942066192627,0.02993619441986084,0.005315423011779785,DecisionTreeRegressor(max_depth=3),0.1,linear,100,42,"{'estimator': DecisionTreeRegressor(max_depth=3), 'learning_rate': 0.1, 'loss': 'linear', 'n_estimators': 100, 'random_state': 42}",-2.160534516243532,-1.8112505289600869,-1.9858925226018096,0.17464199364172261,130,-1.3184232462849348,-1.3302550074906063,-1.3243391268877707,0.005915880602835766
1.07378089427948,0.18201982975006104,0.07778620719909668,0.016659975051879883,DecisionTreeRegressor(max_depth=3),0.1,linear,200,42,"{'estimator': DecisionTreeRegressor(max_depth=3), 'learning_rate': 0.1, 'loss': 'linear', 'n_estimators': 200, 'random_state': 42}",-2.012362834221866,-1.7841469557375291,-1.8982548949796976,0.11410793924216833,119,-1.2925237912902916,-1.3189056749130579,-1.3057147331016747,0.013190941811383139
0.26408088207244873,0.03995358943939209,0.022718310356140137,0.005196928977966309,DecisionTreeRegressor(max_depth=3),0.1,square,50,42,"{'estimator': DecisionTreeRegressor(max_depth=3), 'learning_rate': 0.1, 'loss': 'square', 'n_estimators': 50, 'random_state': 42}",-2.192299502151846,-1.7784845185077345,-1.9853920103297904,0.2069074918220558,129,-1.3696648205841802,-1.3649198086542869,-1.3672923146192335,0.0023725059649466473
0.5839506387710571,0.10068714618682861,0.04693126678466797,0.007506370544433594,DecisionTreeRegressor(max_depth=3),0.1,square,100,42,"{'estimator': DecisionTreeRegressor(max_depth=3), 'learning_rate': 0.1, 'loss': 'square', 'n_estimators': 100, 'random_state': 42}",-2.1136528815546862,-1.7269547014179443,-1.9203037914863152,0.19334909006837098,122,-1.3050248770447321,-1.3425132868144734,-1.3237690819296026,0.018744204884870608
1.154107928276062,0.09041059017181396,0.06672418117523193,0.008217215538024902,DecisionTreeRegressor(max_depth=3),0.1,square,200,42,"{'estimator': DecisionTreeRegressor(max_depth=3), 'learning_rate': 0.1, 'loss': 'square', 'n_estimators': 200, 'random_state': 42}",-2.156049350337564,-1.7887955367453712,-1.9724224435414677,0.1836269067960965,128,-1.2950641162077265,-1.330621364680604,-1.3128427404441654,0.017778624236438723
0.3837270736694336,0.041211843490600586,0.028328657150268555,0.0059239864349365234,DecisionTreeRegressor(max_depth=3),0.1,exponential,50,42,"{'estimator': DecisionTreeRegressor(max_depth=3), 'learning_rate': 0.1, 'loss': 'exponential', 'n_estimators': 50, 'random_state': 42}",-2.3036001554661856,-1.7490732460001994,-2.0263367007331925,0.2772634547329931,133,-1.3664806559156302,-1.2952866120765076,-1.330883633996069,0.03559702191956127
0.5409837961196899,0.054010748863220215,0.029275178909301758,0.0001316070556640625,DecisionTreeRegressor(max_depth=3),0.1,exponential,100,42,"{'estimator': DecisionTreeRegressor(max_depth=3), 'learning_rate': 0.1, 'loss': 'exponential', 'n_estimators': 100, 'random_state': 42}",-2.07757656472747,-1.7353821304954138,-1.9064793476114419,0.1710972171160282,120,-1.2917859267408687,-1.3194372270050565,-1.3056115768729626,0.013825650132093914
0.9827008247375488,0.12383794784545898,0.06537580490112305,0.014821767807006836,DecisionTreeRegressor(max_depth=3),0.1,exponential,200,42,"{'estimator': DecisionTreeRegressor(max_depth=3), 'learning_rate': 0.1, 'loss': 'exponential', 'n_estimators': 200, 'random_state': 42}",-2.0004505843741627,-1.674105326241149,-1.837277955307656,0.16317262906650687,113,-1.2773127904452246,-1.2866619003754385,-1.2819873454103314,0.004674554965106936
0.2490231990814209,0.03287863731384277,0.01574110984802246,0.0014433860778808594,DecisionTreeRegressor(max_depth=3),0.01,linear,50,42,"{'estimator': DecisionTreeRegressor(max_depth=3), 'learning_rate': 0.01, 'loss': 'linear', 'n_estimators': 50, 'random_state': 42}",-2.552140248193402,-1.753059072531684,-2.152599660362543,0.399540587830859,144,-1.6199698556077697,-1.5751348761655037,-1.5975523658866368,0.022417489721133
0.5103002786636353,0.07435667514801025,0.037262797355651855,0.011940836906433105,DecisionTreeRegressor(max_depth=3),0.01,linear,100,42,"{'estimator': DecisionTreeRegressor(max_depth=3), 'learning_rate': 0.01, 'loss': 'linear', 'n_estimators': 100, 'random_state': 42}",-2.4241610002338447,-1.7912958659936973,-2.107728433113771,0.3164325671200737,143,-1.5142658518121732,-1.528233155792584,-1.5212495038023786,0.006983651990205342
1.016796588897705,0.12564301490783691,0.05293607711791992,0.002748727798461914,DecisionTreeRegressor(max_depth=3),0.01,linear,200,42,"{'estimator': DecisionTreeRegressor(max_depth=3), 'learning_rate': 0.01, 'loss': 'linear', 'n_estimators': 200, 'random_state': 42}",-2.3484979839776434,-1.8313268235963243,-2.089912403786984,0.2585855801906596,138,-1.4204558544392876,-1.3821018085175965,-1.4012788314784421,0.019177022960845558
0.291542649269104,0.035545945167541504,0.018544435501098633,0.002170562744140625,DecisionTreeRegressor(max_depth=3),0.01,square,50,42,"{'estimator': DecisionTreeRegressor(max_depth=3), 'learning_rate': 0.01, 'loss': 'square', 'n_estimators': 50, 'random_state': 42}",-2.442668353335119,-1.7492991906853543,-2.0959837720102366,0.3466845813248822,141,-1.5965992958682798,-1.5732269527413962,-1.584913124304838,0.01168617156344176
0.490683913230896,0.06690752506256104,0.028396129608154297,0.004305124282836914,DecisionTreeRegressor(max_depth=3),0.01,square,100,42,"{'estimator': DecisionTreeRegressor(max_depth=3), 'learning_rate': 0.01, 'loss': 'square', 'n_estimators': 100, 'random_state': 42}",-2.3974095943208584,-1.762810805933655,-2.0801102001272564,0.31729939419360176,137,-1.5066646245054467,-1.5442899064103919,-1.5254772654579192,0.018812640952472592
0.9610247611999512,0.12005829811096191,0.05494868755340576,0.006710171699523926,DecisionTreeRegressor(max_depth=3),0.01,square,200,42,"{'estimator': DecisionTreeRegressor(max_depth=3), 'learning_rate': 0.01, 'loss': 'square', 'n_estimators': 200, 'random_state': 42}",-2.357012110654879,-1.8277693451811718,-2.0923907279180254,0.26462138273685365,139,-1.446971121701608,-1.4075326571766928,-1.4272518894391504,0.01971923226245753
0.23806226253509521,0.04419982433319092,0.015255570411682129,0.0020409822463989258,DecisionTreeRegressor(max_depth=3),0.01,exponential,50,42,"{'estimator': DecisionTreeRegressor(max_depth=3), 'learning_rate': 0.01, 'loss': 'exponential', 'n_estimators': 50, 'random_state': 42}",-2.416502064295322,-1.7687139958239324,-2.092608030059627,0.32389403423569474,140,-1.571353907996605,-1.5613083344193748,-1.5663311212079898,0.005022786788615119
0.5098482370376587,0.06618177890777588,0.024482131004333496,0.0009254217147827148,DecisionTreeRegressor(max_depth=3),0.01,exponential,100,42,"{'estimator': DecisionTreeRegressor(max_depth=3), 'learning_rate': 0.01, 'loss': 'exponential', 'n_estimators': 100, 'random_state': 42}",-2.4269880440488842,-1.7721740914816284,-2.099581067765256,0.3274069762836279,142,-1.5463423446582263,-1.5053584717311903,-1.5258504081947084,0.02049193646351799
0.9616135358810425,0.12152135372161865,0.06033658981323242,0.00415802001953125,DecisionTreeRegressor(max_depth=3),0.01,exponential,200,42,"{'estimator': DecisionTreeRegressor(max_depth=3), 'learning_rate': 0.01, 'loss': 'exponential', 'n_estimators': 200, 'random_state': 42}",-2.3404231317058577,-1.8145321968167756,-2.0774776642613166,0.26294546744454106,136,-1.4376394085797515,-1.431985075578896,-1.4348122420793237,0.0028271665004276914
0.25036323070526123,0.027052760124206543,0.014074921607971191,0.0012031793594360352,DecisionTreeRegressor(max_depth=5),1.0,linear,50,42,"{'estimator': DecisionTreeRegressor(max_depth=5), 'learning_rate': 1.0, 'loss': 'linear', 'n_estimators': 50, 'random_state': 42}",-1.8485790951722303,-1.3598628687409078,-1.6042209819565691,0.24435811321566125,101,-0.8546627980184036,-1.039464231550521,-0.9470635147844623,0.09240071676605865
0.493119478225708,0.04856681823730469,0.030274033546447754,0.004854321479797363,DecisionTreeRegressor(max_depth=5),1.0,linear,100,42,"{'estimator': DecisionTreeRegressor(max_depth=5), 'learning_rate': 1.0, 'loss': 'linear', 'n_estimators': 100, 'random_state': 42}",-1.8508861376704062,-1.3274856605506704,-1.5891858991105383,0.2617002385598679,91,-0.8607409276756834,-1.0379706347374984,-0.9493557812065909,0.08861485353090748
1.0149552822113037,0.10510778427124023,0.05401170253753662,0.004677891731262207,DecisionTreeRegressor(max_depth=5),1.0,linear,200,42,"{'estimator': DecisionTreeRegressor(max_depth=5), 'learning_rate': 1.0, 'loss': 'linear', 'n_estimators': 200, 'random_state': 42}",-1.842449124268817,-1.3444384188831102,-1.5934437715759637,0.2490053526928534,95,-0.866159248933304,-1.0404563247993657,-0.9533077868663349,0.08714853793303085
0.2723170518875122,0.04166257381439209,0.020922422409057617,0.004252433776855469,DecisionTreeRegressor(max_depth=5),1.0,square,50,42,"{'estimator': DecisionTreeRegressor(max_depth=5), 'learning_rate': 1.0, 'loss': 'square', 'n_estimators': 50, 'random_state': 42}",-1.8449027637836564,-1.4278180293441944,-1.6363603965639255,0.20854236721973096,108,-0.8660780476018254,-1.0619679724288802,-0.9640230100153528,0.0979449624135274
0.5130462646484375,0.0401155948638916,0.033472299575805664,0.0011899471282958984,DecisionTreeRegressor(max_depth=5),1.0,square,100,42,"{'estimator': DecisionTreeRegressor(max_depth=5), 'learning_rate': 1.0, 'loss': 'square', 'n_estimators': 100, 'random_state': 42}",-1.8472170922633768,-1.3820376634961093,-1.614627377879743,0.23258971438363374,104,-0.8547304471759647,-1.06588556830352,-0.9603080077397423,0.10557756056377765
0.984122633934021,0.10809862613677979,0.05995357036590576,0.004901528358459473,DecisionTreeRegressor(max_depth=5),1.0,square,200,42,"{'estimator': DecisionTreeRegressor(max_depth=5), 'learning_rate': 1.0, 'loss': 'square', 'n_estimators': 200, 'random_state': 42}",-1.851331735957976,-1.3482015315318212,-1.5997666337448986,0.2515651022130774,99,-0.8659947712793052,-1.066069364512017,-0.9660320678956611,0.10003729661635585
0.2911030054092407,0.026584267616271973,0.017818331718444824,0.0009857416152954102,DecisionTreeRegressor(max_depth=5),1.0,exponential,50,42,"{'estimator': DecisionTreeRegressor(max_depth=5), 'learning_rate': 1.0, 'loss': 'exponential', 'n_estimators': 50, 'random_state': 42}",-1.8287610459001604,-1.348878634313615,-1.5888198401068876,0.23994120579327272,88,-0.8545461025130263,-1.0387329920616533,-0.9466395472873398,0.09209344477431347
0.5429031848907471,0.053536415100097656,0.028163790702819824,0.0001710653305053711,DecisionTreeRegressor(max_depth=5),1.0,exponential,100,42,"{'estimator': DecisionTreeRegressor(max_depth=5), 'learning_rate': 1.0, 'loss': 'exponential', 'n_estimators': 100, 'random_state': 42}",-1.818903344409609,-1.3650033884724102,-1.5919533664410097,0.2269499779685994,93,-0.8555154927142401,-1.0278703912140619,-0.941692941964151,0.08617744924991089
0.9892655611038208,0.10892975330352783,0.06821298599243164,0.009938955307006836,DecisionTreeRegressor(max_depth=5),1.0,exponential,200,42,"{'estimator': DecisionTreeRegressor(max_depth=5), 'learning_rate': 1.0, 'loss': 'exponential', 'n_estimators': 200, 'random_state': 42}",-1.8450552740199768,-1.361256056918442,-1.6031556654692094,0.24189960855076742,100,-0.8605352001625658,-1.0270992451726275,-0.9438172226675967,0.08328202250503086
0.2572977542877197,0.03297257423400879,0.014128923416137695,0.0020999908447265625,DecisionTreeRegressor(max_depth=5),0.5,linear,50,42,"{'estimator': DecisionTreeRegressor(max_depth=5), 'learning_rate': 0.5, 'loss': 'linear', 'n_estimators': 50, 'random_state': 42}",-1.7699317207115115,-1.337546431974421,-1.5537390763429664,0.21619264436854524,74,-0.8748323957008382,-1.0281352016287926,-0.9514837986648154,0.07665140296397721
0.5302196741104126,0.0791851282119751,0.045294880867004395,0.014335989952087402,DecisionTreeRegressor(max_depth=5),0.5,linear,100,42,"{'estimator': DecisionTreeRegressor(max_depth=5), 'learning_rate': 0.5, 'loss': 'linear', 'n_estimators': 100, 'random_state': 42}",-1.7768221083495805,-1.3597402909471155,-1.568281199648348,0.20854090870123254,79,-0.8701969170871898,-1.0299259037371802,-0.950061410412185,0.07986449332499518
1.0724117755889893,0.1284778118133545,0.06627845764160156,0.003103017807006836,DecisionTreeRegressor(max_depth=5),0.5,linear,200,42,"{'estimator': DecisionTreeRegressor(max_depth=5), 'learning_rate': 0.5, 'loss': 'linear', 'n_estimators': 200, 'random_state': 42}",-1.811960407386733,-1.3725793850926327,-1.5922698962396828,0.21969051114705018,94,-0.8659097444035375,-1.03184639736158,-0.9488780708825587,0.08296832647902119
0.31485724449157715,0.047309160232543945,0.023378491401672363,0.006007790565490723,DecisionTreeRegressor(max_depth=5),0.5,square,50,42,"{'estimator': DecisionTreeRegressor(max_depth=5), 'learning_rate': 0.5, 'loss': 'square', 'n_estimators': 50, 'random_state': 42}",-1.8920030887727155,-1.3257402628431572,-1.6088716758079364,0.28313141296477917,102,-0.8929367026670296,-1.0279748584547863,-0.960455780560908,0.06751907789387834
0.5480602979660034,0.07247579097747803,0.03340482711791992,0.003956794738769531,DecisionTreeRegressor(max_depth=5),0.5,square,100,42,"{'estimator': DecisionTreeRegressor(max_depth=5), 'learning_rate': 0.5, 'loss': 'square', 'n_estimators': 100, 'random_state': 42}",-1.8362812503526982,-1.3073611922382695,-1.5718212212954839,0.26446002905721433,80,-0.8718482738302612,-1.0302852164225604,-0.9510667451264108,0.07921847129614962
1.0888227224349976,0.10397279262542725,0.0547865629196167,0.0018922090530395508,DecisionTreeRegressor(max_depth=5),0.5,square,200,42,"{'estimator': DecisionTreeRegressor(max_depth=5), 'learning_rate': 0.5, 'loss': 'square', 'n_estimators': 200, 'random_state': 42}",-1.805498625433238,-1.323610720302183,-1.5645546728677104,0.24094395256552747,77,-0.871107577713891,-1.0474247309944567,-0.9592661543541738,0.08815857664028282
0.3147951364517212,0.045323967933654785,0.02072322368621826,0.000607609748840332,DecisionTreeRegressor(max_depth=5),0.5,exponential,50,42,"{'estimator': DecisionTreeRegressor(max_depth=5), 'learning_rate': 0.5, 'loss': 'exponential', 'n_estimators': 50, 'random_state': 42}",-1.7715576208487525,-1.3121570539655796,-1.541857337407166,0.22970028344158644,59,-0.8649723798927529,-1.0213936657828493,-0.9431830228378011,0.0782106429450482
0.5868445634841919,0.05491530895233154,0.029700279235839844,0.001516580581665039,DecisionTreeRegressor(max_depth=5),0.5,exponential,100,42,"{'estimator': DecisionTreeRegressor(max_depth=5), 'learning_rate': 0.5, 'loss': 'exponential', 'n_estimators': 100, 'random_state': 42}",-1.8072549525023434,-1.3461095890178736,-1.5766822707601085,0.2305726817422349,81,-0.8509962235744813,-1.0364716050942193,-0.9437339143343504,0.09273769075986898
1.094517707824707,0.10596466064453125,0.0517810583114624,0.0057936906814575195,DecisionTreeRegressor(max_depth=5),0.5,exponential,200,42,"{'estimator': DecisionTreeRegressor(max_depth=5), 'learning_rate': 0.5, 'loss': 'exponential', 'n_estimators': 200, 'random_state': 42}",-1.8187324016361768,-1.351195538416578,-1.5849639700263773,0.23376843160979943,86,-0.8606833539795262,-1.0374454594123372,-0.9490644066959317,0.0883810527164055
0.2969238758087158,0.05904817581176758,0.01624131202697754,0.0016663074493408203,DecisionTreeRegressor(max_depth=5),0.1,linear,50,42,"{'estimator': DecisionTreeRegressor(max_depth=5), 'learning_rate': 0.1, 'loss': 'linear', 'n_estimators': 50, 'random_state': 42}",-1.5930004326266423,-1.2635819908018529,-1.4282912117142477,0.1647092209123947,10,-0.8912744268550588,-0.9899398604221743,-0.9406071436386165,0.04933271678355777
0.5969827175140381,0.09725308418273926,0.04862356185913086,0.009848356246948242,DecisionTreeRegressor(max_depth=5),0.1,linear,100,42,"{'estimator': DecisionTreeRegressor(max_depth=5), 'learning_rate': 0.1, 'loss': 'linear', 'n_estimators': 100, 'random_state': 42}",-1.6345012515607407,-1.2847885528401604,-1.4596449022004505,0.17485634936029015,13,-0.8978642423909335,-1.008205515649463,-0.9530348790201982,0.05517063662926469
1.3193756341934204,0.26650965213775635,0.06522095203399658,0.004995226860046387,DecisionTreeRegressor(max_depth=5),0.1,linear,200,42,"{'estimator': DecisionTreeRegressor(max_depth=5), 'learning_rate': 0.1, 'loss': 'linear', 'n_estimators': 200, 'random_state': 42}",-1.753534300418752,-1.3208683569201574,-1.5372013286694548,0.21633297174929733,50,-0.8899435206121787,-1.0216095705167616,-0.9557765455644702,0.06583302495229143
0.3242532014846802,0.05201089382171631,0.018874049186706543,0.00520169734954834,DecisionTreeRegressor(max_depth=5),0.1,square,50,42,"{'estimator': DecisionTreeRegressor(max_depth=5), 'learning_rate': 0.1, 'loss': 'square', 'n_estimators': 50, 'random_state': 42}",-1.6181393097128964,-1.2707756644046253,-1.4444574870587608,0.17368182265413556,12,-0.8887971820129633,-1.019035537822552,-0.9539163599177576,0.06511917790479432
0.7470355033874512,0.17267251014709473,0.06438267230987549,0.019461989402770996,DecisionTreeRegressor(max_depth=5),0.1,square,100,42,"{'estimator': DecisionTreeRegressor(max_depth=5), 'learning_rate': 0.1, 'loss': 'square', 'n_estimators': 100, 'random_state': 42}",-1.6807062204235732,-1.2911629774116409,-1.485934598917607,0.19477162150596616,24,-0.8952683075479141,-1.0291145783581006,-0.9621914429530074,0.06692313540509326
1.4892228841781616,0.21116459369659424,0.09073567390441895,0.018733978271484375,DecisionTreeRegressor(max_depth=5),0.1,square,200,42,"{'estimator': DecisionTreeRegressor(max_depth=5), 'learning_rate': 0.1, 'loss': 'square', 'n_estimators': 200, 'random_state': 42}",-1.7750153315978583,-1.3252862231016294,-1.5501507773497438,0.22486455424811447,70,-0.8934520432776655,-1.0403110563939928,-0.9668815498358292,0.07342950655816366
0.4865604639053345,0.006050467491149902,0.027445077896118164,0.0014128684997558594,DecisionTreeRegressor(max_depth=5),0.1,exponential,50,42,"{'estimator': DecisionTreeRegressor(max_depth=5), 'learning_rate': 0.1, 'loss': 'exponential', 'n_estimators': 50, 'random_state': 42}",-1.60709899686749,-1.25846132077049,-1.4327801588189901,0.1743188380485,11,-0.8878626473404759,-0.992592345882514,-0.940227496611495,0.05236484927101903
0.741026759147644,0.13337242603302002,0.05381429195404053,0.02678096294403076,DecisionTreeRegressor(max_depth=5),0.1,exponential,100,42,"{'estimator': DecisionTreeRegressor(max_depth=5), 'learning_rate': 0.1, 'loss': 'exponential', 'n_estimators': 100, 'random_state': 42}",-1.6511731958333151,-1.2718777980777158,-1.4615254969555154,0.18964769887779964,15,-0.8793160569027846,-0.9996939351747928,-0.9395049960387887,0.060188939136004094
1.527759075164795,0.2021622657775879,0.08089232444763184,0.0021483898162841797,DecisionTreeRegressor(max_depth=5),0.1,exponential,200,42,"{'estimator': DecisionTreeRegressor(max_depth=5), 'learning_rate': 0.1, 'loss': 'exponential', 'n_estimators': 200, 'random_state': 42}",-1.7193667884581543,-1.323373705886145,-1.5213702471721495,0.19799654128600463,38,-0.8754099923530337,-1.0190504568195708,-0.9472302245863022,0.07182023223326855
0.45011627674102783,0.10484516620635986,0.0205686092376709,0.0009007453918457031,DecisionTreeRegressor(max_depth=5),0.01,linear,50,42,"{'estimator': DecisionTreeRegressor(max_depth=5), 'learning_rate': 0.01, 'loss': 'linear', 'n_estimators': 50, 'random_state': 42}",-1.5859702269388252,-1.2082571485803657,-1.3971136877595955,0.18885653917922973,3,-0.8939868126563486,-0.9968961161772006,-0.9454414644167746,0.05145465176042602
0.8256503343582153,0.11795008182525635,0.03949618339538574,0.0023517608642578125,DecisionTreeRegressor(max_depth=5),0.01,linear,100,42,"{'estimator': DecisionTreeRegressor(max_depth=5), 'learning_rate': 0.01, 'loss': 'linear', 'n_estimators': 100, 'random_state': 42}",-1.5834044083581251,-1.2223126791316674,-1.4028585437448964,0.18054586461322886,5,-0.8889014489071428,-0.9880455115895768,-0.9384734802483599,0.04957203134121696
1.6426289081573486,0.38223838806152344,0.06467294692993164,0.010396957397460938,DecisionTreeRegressor(max_depth=5),0.01,linear,200,42,"{'estimator': DecisionTreeRegressor(max_depth=5), 'learning_rate': 0.01, 'loss': 'linear', 'n_estimators': 200, 'random_state': 42}",-1.5781009305524127,-1.234248841284797,-1.4061748859186047,0.1719260446338079,8,-0.8830965235132718,-0.9844566264391864,-0.9337765749762291,0.05068005146295729
0.412420392036438,0.07579481601715088,0.02346169948577881,0.0010720491409301758,DecisionTreeRegressor(max_depth=5),0.01,square,50,42,"{'estimator': DecisionTreeRegressor(max_depth=5), 'learning_rate': 0.01, 'loss': 'square', 'n_estimators': 50, 'random_state': 42}",-1.587838036394659,-1.222992825424414,-1.4054154309095366,0.18242260548512246,7,-0.8929262513092158,-0.9997767689404872,-0.9463515101248514,0.0534252588156357
0.8767153024673462,0.2577780485153198,0.06547152996063232,0.028991103172302246,DecisionTreeRegressor(max_depth=5),0.01,square,100,42,"{'estimator': DecisionTreeRegressor(max_depth=5), 'learning_rate': 0.01, 'loss': 'square', 'n_estimators': 100, 'random_state': 42}",-1.578108457456821,-1.229425789321569,-1.403767123389195,0.17434133406762597,6,-0.8808531288880567,-0.99927723983874,-0.9400651843633983,0.05921205547534164
1.7982577085494995,0.27540361881256104,0.10841906070709229,0.008130669593811035,DecisionTreeRegressor(max_depth=5),0.01,square,200,42,"{'estimator': DecisionTreeRegressor(max_depth=5), 'learning_rate': 0.01, 'loss': 'square', 'n_estimators': 200, 'random_state': 42}",-1.5852778381109698,-1.251323380892122,-1.418300609501546,0.16697722860942388,9,-0.88294449209265,-0.9966769686529818,-0.9398107303728159,0.056866238280165904
0.5899697542190552,0.01914680004119873,0.020122885704040527,0.003995299339294434,DecisionTreeRegressor(max_depth=5),0.01,exponential,50,42,"{'estimator': DecisionTreeRegressor(max_depth=5), 'learning_rate': 0.01, 'loss': 'exponential', 'n_estimators': 50, 'random_state': 42}",-1.5697785785533613,-1.2090791839183246,-1.389428881235843,0.18034969731751838,1,-0.8982098600576524,-0.9863526236843048,-0.9422812418709785,0.044071381813326205
0.7682716846466064,0.13846874237060547,0.04568922519683838,0.009174466133117676,DecisionTreeRegressor(max_depth=5),0.01,exponential,100,42,"{'estimator': DecisionTreeRegressor(max_depth=5), 'learning_rate': 0.01, 'loss': 'exponential', 'n_estimators': 100, 'random_state': 42}",-1.570459551117601,-1.2108862934566342,-1.3906729222871177,0.17978662883048335,2,-0.8795130614072468,-0.9831662246909065,-0.9313396430490767,0.05182658164182985
1.814060926437378,0.2914867401123047,0.07589507102966309,0.013587236404418945,DecisionTreeRegressor(max_depth=5),0.01,exponential,200,42,"{'estimator': DecisionTreeRegressor(max_depth=5), 'learning_rate': 0.01, 'loss': 'exponential', 'n_estimators': 200, 'random_state': 42}",-1.5785747235323098,-1.2240524198340772,-1.4013135716831935,0.17726115184911628,4,-0.8811037156873578,-0.9819119111644546,-0.9315078134259063,0.050404097738548426
0.6281043291091919,0.22303640842437744,0.04430806636810303,0.005506396293640137,DecisionTreeRegressor(max_depth=9),1.0,linear,50,42,"{'estimator': DecisionTreeRegressor(max_depth=9), 'learning_rate': 1.0, 'loss': 'linear', 'n_estimators': 50, 'random_state': 42}",-1.773451511049955,-1.3194020047405823,-1.5464267578952686,0.2270247531546863,66,-0.20948336220796324,-0.32612232555914794,-0.2678028438835556,0.05831948167559235
1.243403673171997,0.22800612449645996,0.04255092144012451,0.0052748918533325195,DecisionTreeRegressor(max_depth=9),1.0,linear,100,42,"{'estimator': DecisionTreeRegressor(max_depth=9), 'learning_rate': 1.0, 'loss': 'linear', 'n_estimators': 100, 'random_state': 42}",-1.866026976867156,-1.2994760031671038,-1.58275149001713,0.2832754868500261,84,-0.1901357432965978,-0.32872265384987964,-0.2594291985732387,0.06929345527664092
1.8710542917251587,0.30871546268463135,0.07978856563568115,0.010124564170837402,DecisionTreeRegressor(max_depth=9),1.0,linear,200,42,"{'estimator': DecisionTreeRegressor(max_depth=9), 'learning_rate': 1.0, 'loss': 'linear', 'n_estimators': 200, 'random_state': 42}",-1.8673747552051063,-1.3105441636810964,-1.5889594594431014,0.27841529576200497,90,-0.1950162201241728,-0.32577557581601635,-0.26039589797009455,0.06537967784592177
0.4450725317001343,0.04397141933441162,0.016400575637817383,0.0018427371978759766,DecisionTreeRegressor(max_depth=9),1.0,square,50,42,"{'estimator': DecisionTreeRegressor(max_depth=9), 'learning_rate': 1.0, 'loss': 'square', 'n_estimators': 50, 'random_state': 42}",-1.9083654257104918,-1.2838658838575805,-1.596115654784036,0.31224977092645567,97,-0.440251817671649,-0.47003860636694844,-0.4551452120192987,0.014893394347649719
0.6683084964752197,0.13521051406860352,0.032984256744384766,0.001140594482421875,DecisionTreeRegressor(max_depth=9),1.0,square,100,42,"{'estimator': DecisionTreeRegressor(max_depth=9), 'learning_rate': 1.0, 'loss': 'square', 'n_estimators': 100, 'random_state': 42}",-1.883222734266276,-1.3107165900115791,-1.5969696621389275,0.2862530721273484,98,-0.5023460456826484,-0.49181232496327115,-0.4970791853229598,0.005266860359688624
1.3776979446411133,0.3252146244049072,0.0802086591720581,0.008388876914978027,DecisionTreeRegressor(max_depth=9),1.0,square,200,42,"{'estimator': DecisionTreeRegressor(max_depth=9), 'learning_rate': 1.0, 'loss': 'square', 'n_estimators': 200, 'random_state': 42}",-1.9337211270771157,-1.3200441673415408,-1.6268826472093283,0.30683847986778745,106,-0.5278842745779735,-0.49035562136203403,-0.5091199479700037,0.018764326607969728
0.44390273094177246,0.09851241111755371,0.019290804862976074,0.00028455257415771484,DecisionTreeRegressor(max_depth=9),1.0,exponential,50,42,"{'estimator': DecisionTreeRegressor(max_depth=9), 'learning_rate': 1.0, 'loss': 'exponential', 'n_estimators': 50, 'random_state': 42}",-1.8926920977512363,-1.294867166789813,-1.5937796322705247,0.2989124654807116,96,-0.18756342537655513,-0.30853683473804,-0.24805013005729756,0.06048670468074244
0.9632662534713745,0.1807936429977417,0.033837080001831055,0.0031280517578125,DecisionTreeRegressor(max_depth=9),1.0,exponential,100,42,"{'estimator': DecisionTreeRegressor(max_depth=9), 'learning_rate': 1.0, 'loss': 'exponential', 'n_estimators': 100, 'random_state': 42}",-1.8383237532745687,-1.293895451152043,-1.5661096022133059,0.2722141510612628,78,-0.17012536643121848,-0.30477399531069954,-0.23744968087095902,0.06732431443974053
1.7144001722335815,0.359336256980896,0.06463503837585449,0.009128093719482422,DecisionTreeRegressor(max_depth=9),1.0,exponential,200,42,"{'estimator': DecisionTreeRegressor(max_depth=9), 'learning_rate': 1.0, 'loss': 'exponential', 'n_estimators': 200, 'random_state': 42}",-1.7842695479890756,-1.298372177586809,-1.5413208627879422,0.24294868520113333,58,-0.16918244816955497,-0.2996516170758561,-0.23441703262270552,0.06523458445315056
0.4456585645675659,0.07390749454498291,0.018797993659973145,0.0021468400955200195,DecisionTreeRegressor(max_depth=9),0.5,linear,50,42,"{'estimator': DecisionTreeRegressor(max_depth=9), 'learning_rate': 0.5, 'loss': 'linear', 'n_estimators': 50, 'random_state': 42}",-1.8297118436785036,-1.2910156908159327,-1.5603637672472181,0.26934807643128544,76,-0.1795578579178012,-0.3187720856795653,-0.24916497179868324,0.06960711388088203
0.8076643943786621,0.18212389945983887,0.030679821968078613,0.0018292665481567383,DecisionTreeRegressor(max_depth=9),0.5,linear,100,42,"{'estimator': DecisionTreeRegressor(max_depth=9), 'learning_rate': 0.5, 'loss': 'linear', 'n_estimators': 100, 'random_state': 42}",-1.9178641224946111,-1.3078084007692847,-1.6128362616319478,0.3050278608626632,103,-0.16320915439790787,-0.309636288735739,-0.23642272156682342,0.07321356716891557
1.6304750442504883,0.31496167182922363,0.05776548385620117,0.0017096996307373047,DecisionTreeRegressor(max_depth=9),0.5,linear,200,42,"{'estimator': DecisionTreeRegressor(max_depth=9), 'learning_rate': 0.5, 'loss': 'linear', 'n_estimators': 200, 'random_state': 42}",-1.8640090429667506,-1.3093223830087486,-1.5866657129877497,0.277343329979001,87,-0.16700226300874285,-0.3036356828408457,-0.23531897292479426,0.06831670991605142
0.43288958072662354,0.11143767833709717,0.019551753997802734,0.0022437572479248047,DecisionTreeRegressor(max_depth=9),0.5,square,50,42,"{'estimator': DecisionTreeRegressor(max_depth=9), 'learning_rate': 0.5, 'loss': 'square', 'n_estimators': 50, 'random_state': 42}",-1.855579912745564,-1.307549176621644,-1.5815645446836042,0.27401536806196003,83,-0.23317499955672447,-0.3621445770767323,-0.2976597883167284,0.06448478876000392
0.7867628335952759,0.12595951557159424,0.029070258140563965,0.002676844596862793,DecisionTreeRegressor(max_depth=9),0.5,square,100,42,"{'estimator': DecisionTreeRegressor(max_depth=9), 'learning_rate': 0.5, 'loss': 'square', 'n_estimators': 100, 'random_state': 42}",-1.9222019857030632,-1.3119386536374036,-1.6170703196702334,0.3051316660328298,105,-0.22080221635709313,-0.35641337863428313,-0.2886077974956881,0.067805581138595
1.497687578201294,0.3566553592681885,0.074196457862854,0.0026296377182006836,DecisionTreeRegressor(max_depth=9),0.5,square,200,42,"{'estimator': DecisionTreeRegressor(max_depth=9), 'learning_rate': 0.5, 'loss': 'square', 'n_estimators': 200, 'random_state': 42}",-1.9579457117879988,-1.3117108234899968,-1.6348282676389978,0.323117444149001,107,-0.23643757042933847,-0.36569625015951884,-0.30106691029442867,0.06462933986509019
0.3975813388824463,0.09385108947753906,0.019723176956176758,0.0005688667297363281,DecisionTreeRegressor(max_depth=9),0.5,exponential,50,42,"{'estimator': DecisionTreeRegressor(max_depth=9), 'learning_rate': 0.5, 'loss': 'exponential', 'n_estimators': 50, 'random_state': 42}",-1.791067231497741,-1.2811969462997175,-1.536132088898729,0.25493514259901173,48,-0.19386194337689994,-0.30320112084219364,-0.2485315321095468,0.05466958873264685
0.8633018732070923,0.1840435266494751,0.03371000289916992,0.000850677490234375,DecisionTreeRegressor(max_depth=9),0.5,exponential,100,42,"{'estimator': DecisionTreeRegressor(max_depth=9), 'learning_rate': 0.5, 'loss': 'exponential', 'n_estimators': 100, 'random_state': 42}",-1.7982658459758525,-1.3019320638291219,-1.550098954902487,0.24816689107336531,69,-0.17329378305881438,-0.2885947552253281,-0.23094426914207125,0.057650486083256874
1.6868047714233398,0.34491419792175293,0.07144045829772949,0.008115053176879883,DecisionTreeRegressor(max_depth=9),0.5,exponential,200,42,"{'estimator': DecisionTreeRegressor(max_depth=9), 'learning_rate': 0.5, 'loss': 'exponential', 'n_estimators': 200, 'random_state': 42}",-1.7818841311867326,-1.2834868130742945,-1.5326854721305136,0.24919865905621907,43,-0.16461692880113887,-0.2812693735224033,-0.22294315116177107,0.0583262223606322
0.44368255138397217,0.0951155424118042,0.018144726753234863,0.0008167028427124023,DecisionTreeRegressor(max_depth=9),0.1,linear,50,42,"{'estimator': DecisionTreeRegressor(max_depth=9), 'learning_rate': 0.1, 'loss': 'linear', 'n_estimators': 50, 'random_state': 42}",-1.8091626705988635,-1.2965978167262775,-1.5528802436625706,0.256282426936293,72,-0.2030827995044968,-0.33148379796790184,-0.2672832987361993,0.06420049923170251
0.8810722827911377,0.1522350311279297,0.036103129386901855,0.000834345817565918,DecisionTreeRegressor(max_depth=9),0.1,linear,100,42,"{'estimator': DecisionTreeRegressor(max_depth=9), 'learning_rate': 0.1, 'loss': 'linear', 'n_estimators': 100, 'random_state': 42}",-1.783764074452299,-1.277909243861246,-1.5308366591567726,0.2529274152955264,42,-0.19378262850891845,-0.309874920340566,-0.2518287744247422,0.058046145915823785
1.6992031335830688,0.33523762226104736,0.06236755847930908,0.001202702522277832,DecisionTreeRegressor(max_depth=9),0.1,linear,200,42,"{'estimator': DecisionTreeRegressor(max_depth=9), 'learning_rate': 0.1, 'loss': 'linear', 'n_estimators': 200, 'random_state': 42}",-1.788056326430877,-1.2870901804883028,-1.5375732534595898,0.25048307297128714,51,-0.17634248964221,-0.29775078697066637,-0.23704663830643818,0.060704148664228186
0.428912878036499,0.08811283111572266,0.01670670509338379,0.00011920928955078125,DecisionTreeRegressor(max_depth=9),0.1,square,50,42,"{'estimator': DecisionTreeRegressor(max_depth=9), 'learning_rate': 0.1, 'loss': 'square', 'n_estimators': 50, 'random_state': 42}",-1.7660976254128364,-1.2994910862712867,-1.5327943558420616,0.23330326957077485,44,-0.20840021422448182,-0.3496564400714284,-0.2790283271479551,0.07062811292347328
0.8443249464035034,0.1975313425064087,0.03258538246154785,0.003118753433227539,DecisionTreeRegressor(max_depth=9),0.1,square,100,42,"{'estimator': DecisionTreeRegressor(max_depth=9), 'learning_rate': 0.1, 'loss': 'square', 'n_estimators': 100, 'random_state': 42}",-1.7652102605986606,-1.3106239433124816,-1.537917101955571,0.22729315864308952,52,-0.21480009838562306,-0.3583299978301932,-0.2865650481079081,0.07176494972228507
1.7054485082626343,0.38920485973358154,0.06316423416137695,0.00164031982421875,DecisionTreeRegressor(max_depth=9),0.1,square,200,42,"{'estimator': DecisionTreeRegressor(max_depth=9), 'learning_rate': 0.1, 'loss': 'square', 'n_estimators': 200, 'random_state': 42}",-1.85508440633964,-1.301640309239046,-1.5783623577893429,0.2767220485502969,82,-0.20747149142952998,-0.3476927973967732,-0.2775821444131516,0.07011065298362162
0.45377492904663086,0.10098719596862793,0.018763065338134766,0.0010426044464111328,DecisionTreeRegressor(max_depth=9),0.1,exponential,50,42,"{'estimator': DecisionTreeRegressor(max_depth=9), 'learning_rate': 0.1, 'loss': 'exponential', 'n_estimators': 50, 'random_state': 42}",-1.779916685119427,-1.2897787743026252,-1.5348477297110261,0.2450689554084009,47,-0.2017139025690927,-0.30990393508573016,-0.2558089188274114,0.05409501625831874
0.8879350423812866,0.20367252826690674,0.03883206844329834,0.00023496150970458984,DecisionTreeRegressor(max_depth=9),0.1,exponential,100,42,"{'estimator': DecisionTreeRegressor(max_depth=9), 'learning_rate': 0.1, 'loss': 'exponential', 'n_estimators': 100, 'random_state': 42}",-1.7772133520336837,-1.2885007025881545,-1.5328570273109192,0.24435632472276458,45,-0.1886384057848081,-0.293841269384189,-0.24123983758449852,0.05260143179969044
1.8554245233535767,0.44873178005218506,0.08201587200164795,0.007265448570251465,DecisionTreeRegressor(max_depth=9),0.1,exponential,200,42,"{'estimator': DecisionTreeRegressor(max_depth=9), 'learning_rate': 0.1, 'loss': 'exponential', 'n_estimators': 200, 'random_state': 42}",-1.7921064385601437,-1.2953206969556614,-1.5437135677579026,0.24839287080224115,61,-0.17285101269342745,-0.28217531769356935,-0.2275131651934984,0.05466215250007095
0.47124791145324707,0.0771036148071289,0.018130779266357422,0.001965045928955078,DecisionTreeRegressor(max_depth=9),0.01,linear,50,42,"{'estimator': DecisionTreeRegressor(max_depth=9), 'learning_rate': 0.01, 'loss': 'linear', 'n_estimators': 50, 'random_state': 42}",-1.7365468785314928,-1.2986911402761638,-1.5176190094038282,0.2189278691276645,37,-0.19544673426622122,-0.32727359054784533,-0.2613601624070333,0.06591342814081205
1.0021566152572632,0.24006378650665283,0.039107322692871094,0.0011985301971435547,DecisionTreeRegressor(max_depth=9),0.01,linear,100,42,"{'estimator': DecisionTreeRegressor(max_depth=9), 'learning_rate': 0.01, 'loss': 'linear', 'n_estimators': 100, 'random_state': 42}",-1.712627240192865,-1.2939532789627306,-1.5032902595777977,0.20933698061506723,31,-0.2033687736559511,-0.3154667717645584,-0.25941777271025473,0.05604899905430365
2.0077911615371704,0.39274537563323975,0.06987428665161133,0.009488344192504883,DecisionTreeRegressor(max_depth=9),0.01,linear,200,42,"{'estimator': DecisionTreeRegressor(max_depth=9), 'learning_rate': 0.01, 'loss': 'linear', 'n_estimators': 200, 'random_state': 42}",-1.7243677823785089,-1.2881443815443214,-1.506256081961415,0.2181117004170937,33,-0.1948597264825754,-0.31467783440627123,-0.2547687804444233,0.05990905396184791
0.5494741201400757,0.09018456935882568,0.020326733589172363,0.001086592674255371,DecisionTreeRegressor(max_depth=9),0.01,square,50,42,"{'estimator': DecisionTreeRegressor(max_depth=9), 'learning_rate': 0.01, 'loss': 'square', 'n_estimators': 50, 'random_state': 42}",-1.7635293489567851,-1.303177635382299,-1.533353492169542,0.23017585678724306,46,-0.20391023501974911,-0.3307674742691253,-0.2673388546444372,0.06342861962468808
0.9614111185073853,0.18960201740264893,0.04876983165740967,0.01604282855987549,DecisionTreeRegressor(max_depth=9),0.01,square,100,42,"{'estimator': DecisionTreeRegressor(max_depth=9), 'learning_rate': 0.01, 'loss': 'square', 'n_estimators': 100, 'random_state': 42}",-1.7238738559166973,-1.2792669324431745,-1.5015703941799359,0.2223034617367614,28,-0.19922122694285982,-0.3266916378990018,-0.2629564324209308,0.06373520547807099
1.893020510673523,0.3801013231277466,0.06889259815216064,0.003386855125427246,DecisionTreeRegressor(max_depth=9),0.01,square,200,42,"{'estimator': DecisionTreeRegressor(max_depth=9), 'learning_rate': 0.01, 'loss': 'square', 'n_estimators': 200, 'random_state': 42}",-1.722217185261944,-1.285243813235602,-1.503730499248773,0.2184866860131709,32,-0.20829014446638014,-0.3275346179870629,-0.2679123812267215,0.05962223676034138
0.45614802837371826,0.09861910343170166,0.02727055549621582,0.000370025634765625,DecisionTreeRegressor(max_depth=9),0.01,exponential,50,42,"{'estimator': DecisionTreeRegressor(max_depth=9), 'learning_rate': 0.01, 'loss': 'exponential', 'n_estimators': 50, 'random_state': 42}",-1.6996561874903633,-1.3065256539360208,-1.5030909207131922,0.19656526677717123,30,-0.19779697043510447,-0.32392064196048725,-0.2608588061977959,0.06306183576269139
0.9470992088317871,0.17845582962036133,0.03731989860534668,0.0015056133270263672,DecisionTreeRegressor(max_depth=9),0.01,exponential,100,42,"{'estimator': DecisionTreeRegressor(max_depth=9), 'learning_rate': 0.01, 'loss': 'exponential', 'n_estimators': 100, 'random_state': 42}",-1.686055569138616,-1.2919037676023795,-1.4889796683704977,0.19707590076811832,25,-0.19524932637999756,-0.31543277917386486,-0.2553410527769312,0.06009172639693365
1.99367356300354,0.49006056785583496,0.10448765754699707,0.023293256759643555,DecisionTreeRegressor(max_depth=9),0.01,exponential,200,42,"{'estimator': DecisionTreeRegressor(max_depth=9), 'learning_rate': 0.01, 'loss': 'exponential', 'n_estimators': 200, 'random_state': 42}",-1.7063359861101888,-1.2996515796027206,-1.5029937828564548,0.2033422032537341,29,-0.1910062361278838,-0.3064693795639618,-0.2487378078459228,0.057731571718039
4.192596077919006,0.8311604261398315,0.14762330055236816,0.015769243240356445,RandomForestRegressor(n_estimators=10),1.0,linear,50,42,"{'estimator': RandomForestRegressor(n_estimators=10), 'learning_rate': 1.0, 'loss': 'linear', 'n_estimators': 50, 'random_state': 42}",-1.7876082725060827,-1.3002554744525552,-1.5439318734793188,0.24367639902676375,63,-0.4130944309927358,-0.4037172330097096,-0.4084058320012227,0.00468859899151311
7.91306471824646,1.728886604309082,0.21594738960266113,0.016285181045532227,RandomForestRegressor(n_estimators=10),1.0,linear,100,42,"{'estimator': RandomForestRegressor(n_estimators=10), 'learning_rate': 1.0, 'loss': 'linear', 'n_estimators': 100, 'random_state': 42}",-1.7911946472019478,-1.2910194647201945,-1.5411070559610711,0.25008759124087665,57,-0.42158353510895746,-0.4080861650485439,-0.41483485007875065,0.006748685030206786
14.979398965835571,3.258415699005127,0.44697999954223633,0.011628866195678711,RandomForestRegressor(n_estimators=10),1.0,linear,200,42,"{'estimator': RandomForestRegressor(n_estimators=10), 'learning_rate': 1.0, 'loss': 'linear', 'n_estimators': 200, 'random_state': 42}",-1.8046496350364976,-1.287827250608273,-1.5462384428223852,0.25841119221411224,65,-0.4281113801452777,-0.40840291262135997,-0.41825714638331885,0.009854233761958875
3.133000373840332,0.7082858085632324,0.13187336921691895,0.00958871841430664,RandomForestRegressor(n_estimators=10),1.0,square,50,42,"{'estimator': RandomForestRegressor(n_estimators=10), 'learning_rate': 1.0, 'loss': 'square', 'n_estimators': 50, 'random_state': 42}",-1.8625644768856455,-1.3036496350364957,-1.5831070559610705,0.27945742092457493,85,-0.6564818401937048,-0.5840400485436895,-0.6202609443686972,0.03622089582500765
5.843059182167053,1.2134987115859985,0.2534419298171997,0.04884922504425049,RandomForestRegressor(n_estimators=10),1.0,square,100,42,"{'estimator': RandomForestRegressor(n_estimators=10), 'learning_rate': 1.0, 'loss': 'square', 'n_estimators': 100, 'random_state': 42}",-1.8752189781021895,-1.302683698296837,-1.5889513381995133,0.28626763990267623,89,-0.6954576271186448,-0.6111759708737863,-0.6533167989962155,0.04214082812242925
11.84713077545166,2.9828202724456787,0.6240229606628418,0.0488429069519043,RandomForestRegressor(n_estimators=10),1.0,square,200,42,"{'estimator': RandomForestRegressor(n_estimators=10), 'learning_rate': 1.0, 'loss': 'square', 'n_estimators': 200, 'random_state': 42}",-1.8786861313868615,-1.3027372262773709,-1.590711678832116,0.2879744525547453,92,-0.7014092009685233,-0.6244381067961167,-0.66292365388232,0.03848554708620333
3.7736048698425293,0.7979013919830322,0.17614412307739258,0.017039775848388672,RandomForestRegressor(n_estimators=10),1.0,exponential,50,42,"{'estimator': RandomForestRegressor(n_estimators=10), 'learning_rate': 1.0, 'loss': 'exponential', 'n_estimators': 50, 'random_state': 42}",-1.8167664233576646,-1.2940510948905115,-1.555408759124088,0.26135766423357654,75,-0.4095108958837768,-0.3942742718446601,-0.40189258386421844,0.007618312019558371
8.02741289138794,2.148951530456543,0.2424865961074829,0.05202186107635498,RandomForestRegressor(n_estimators=10),1.0,exponential,100,42,"{'estimator': RandomForestRegressor(n_estimators=10), 'learning_rate': 1.0, 'loss': 'exponential', 'n_estimators': 100, 'random_state': 42}",-1.7965766423357665,-1.2908978102189785,-1.5437372262773725,0.252839416058394,62,-0.4060314769975777,-0.3891529126213601,-0.3975921948094689,0.008439282188108799
17.065555930137634,3.7945016622543335,0.5331113338470459,0.0033423900604248047,RandomForestRegressor(n_estimators=10),1.0,exponential,200,42,"{'estimator': RandomForestRegressor(n_estimators=10), 'learning_rate': 1.0, 'loss': 'exponential', 'n_estimators': 200, 'random_state': 42}",-1.790963503649636,-1.2931605839416058,-1.542062043795621,0.24890145985401513,60,-0.39712832929782005,-0.38699029126213585,-0.392059310279978,0.005069019017842097
4.697152018547058,1.1653529405593872,0.1628478765487671,0.03064906597137451,RandomForestRegressor(n_estimators=10),0.5,linear,50,42,"{'estimator': RandomForestRegressor(n_estimators=10), 'learning_rate': 0.5, 'loss': 'linear', 'n_estimators': 50, 'random_state': 42}",-1.7905766423357667,-1.2881776155717748,-1.5393771289537708,0.251199513381996,53,-0.3963583535108958,-0.39135679611650487,-0.3938575748137003,0.002500778697195477
8.851429104804993,2.06183397769928,0.24808239936828613,0.007293701171875,RandomForestRegressor(n_estimators=10),0.5,linear,100,42,"{'estimator': RandomForestRegressor(n_estimators=10), 'learning_rate': 0.5, 'loss': 'linear', 'n_estimators': 100, 'random_state': 42}",-1.7955328467153289,-1.293462287104623,-1.544497566909976,0.2510352798053529,64,-0.389338983050847,-0.3790266990291266,-0.3841828410399868,0.005156142010860204
16.188523650169373,3.162821650505066,0.48816847801208496,0.011523723602294922,RandomForestRegressor(n_estimators=10),0.5,linear,200,42,"{'estimator': RandomForestRegressor(n_estimators=10), 'learning_rate': 0.5, 'loss': 'linear', 'n_estimators': 200, 'random_state': 42}",-1.8040997566909969,-1.2908345498783458,-1.5474671532846713,0.25663260340632554,67,-0.38932929782082326,-0.37982766990291206,-0.38457848386186766,0.004750813958955602
4.512432336807251,0.7111291885375977,0.1217796802520752,0.009963512420654297,RandomForestRegressor(n_estimators=10),0.5,square,50,42,"{'estimator': RandomForestRegressor(n_estimators=10), 'learning_rate': 0.5, 'loss': 'square', 'n_estimators': 50, 'random_state': 42}",-1.800917274939173,-1.3001240875912405,-1.5505206812652068,0.2503965936739663,71,-0.4544915254237289,-0.41872087378640893,-0.4366061996050689,0.01788532581865998
7.029773831367493,1.5377975702285767,0.23095190525054932,0.04115593433380127,RandomForestRegressor(n_estimators=10),0.5,square,100,42,"{'estimator': RandomForestRegressor(n_estimators=10), 'learning_rate': 0.5, 'loss': 'square', 'n_estimators': 100, 'random_state': 42}",-1.8124233576642332,-1.2939635036496357,-1.5531934306569344,0.25922992700729874,73,-0.45566585956416533,-0.42281189320388396,-0.43923887638402465,0.016426983180140686
13.698046684265137,3.327617645263672,0.537659764289856,0.0816735029220581,RandomForestRegressor(n_estimators=10),0.5,square,200,42,"{'estimator': RandomForestRegressor(n_estimators=10), 'learning_rate': 0.5, 'loss': 'square', 'n_estimators': 200, 'random_state': 42}",-1.8115352798053523,-1.2885693430656937,-1.5500523114355231,0.2614829683698293,68,-0.4561355932203388,-0.4303361650485442,-0.4432358791344415,0.012899714085897296
3.688586950302124,0.9159717559814453,0.1251373291015625,0.012061595916748047,RandomForestRegressor(n_estimators=10),0.5,exponential,50,42,"{'estimator': RandomForestRegressor(n_estimators=10), 'learning_rate': 0.5, 'loss': 'exponential', 'n_estimators': 50, 'random_state': 42}",-1.7650316301703168,-1.2782116788321174,-1.5216216545012171,0.24340997566909972,39,-0.4024092009685226,-0.3892851941747575,-0.39584719757164005,0.006562003396882565
7.477513313293457,1.7540411949157715,0.24255907535552979,0.005953431129455566,RandomForestRegressor(n_estimators=10),0.5,exponential,100,42,"{'estimator': RandomForestRegressor(n_estimators=10), 'learning_rate': 0.5, 'loss': 'exponential', 'n_estimators': 100, 'random_state': 42}",-1.7810364963503658,-1.2915328467153273,-1.5362846715328464,0.24475182481751923,49,-0.3856077481840193,-0.3771201456310679,-0.3813639469075436,0.004243801276475723
16.584637999534607,4.822133421897888,0.7191650867462158,0.04259371757507324,RandomForestRegressor(n_estimators=10),0.5,exponential,200,42,"{'estimator': RandomForestRegressor(n_estimators=10), 'learning_rate': 0.5, 'loss': 'exponential', 'n_estimators': 200, 'random_state': 42}",-1.7877007299270078,-1.2937615571776164,-1.540731143552312,0.24696958637469568,55,-0.37603389830508466,-0.37369174757281565,-0.3748628229389501,0.0011710753661345052
3.9398696422576904,1.0403409004211426,0.13750159740447998,0.0092087984085083,RandomForestRegressor(n_estimators=10),0.1,linear,50,42,"{'estimator': RandomForestRegressor(n_estimators=10), 'learning_rate': 0.1, 'loss': 'linear', 'n_estimators': 50, 'random_state': 42}",-1.7209854014598547,-1.2943406326034068,-1.5076630170316307,0.21332238442822393,34,-0.42522033898304973,-0.43166019417475776,-0.4284402665789038,0.0032199275958540163
10.009944438934326,2.9074933528900146,0.329475998878479,0.019915223121643066,RandomForestRegressor(n_estimators=10),0.1,linear,100,42,"{'estimator': RandomForestRegressor(n_estimators=10), 'learning_rate': 0.1, 'loss': 'linear', 'n_estimators': 100, 'random_state': 42}",-1.7590024330900245,-1.2923795620437954,-1.52569099756691,0.2333114355231145,40,-0.4045859564164643,-0.4026019417475727,-0.4035939490820185,0.0009920073344457936
19.809271454811096,3.9695850610733032,0.574945330619812,0.0028361082077026367,RandomForestRegressor(n_estimators=10),0.1,linear,200,42,"{'estimator': RandomForestRegressor(n_estimators=10), 'learning_rate': 0.1, 'loss': 'linear', 'n_estimators': 200, 'random_state': 42}",-1.7812457420924577,-1.2986545012165454,-1.5399501216545015,0.24129562043795616,54,-0.3830290556900719,-0.38405097087378626,-0.3835400132819291,0.0005109575918571807
5.9683754444122314,1.1402361392974854,0.13599145412445068,0.009466290473937988,RandomForestRegressor(n_estimators=10),0.1,square,50,42,"{'estimator': RandomForestRegressor(n_estimators=10), 'learning_rate': 0.1, 'loss': 'square', 'n_estimators': 50, 'random_state': 42}",-1.721851581508517,-1.2727591240875913,-1.4973053527980542,0.22454622871046281,27,-0.4476561743341395,-0.434084951456311,-0.44087056289522525,0.006785611438914263
9.597965598106384,2.6227270364761353,0.28454577922821045,0.017977595329284668,RandomForestRegressor(n_estimators=10),0.1,square,100,42,"{'estimator': RandomForestRegressor(n_estimators=10), 'learning_rate': 0.1, 'loss': 'square', 'n_estimators': 100, 'random_state': 42}",-1.7575109489051093,-1.2748953771289542,-1.5162031630170318,0.24130778588807755,36,-0.41721065375302696,-0.41081917475728147,-0.41401491425515424,0.003195739497872746
18.272095441818237,3.8117661476135254,0.6085275411605835,0.04382359981536865,RandomForestRegressor(n_estimators=10),0.1,square,200,42,"{'estimator': RandomForestRegressor(n_estimators=10), 'learning_rate': 0.1, 'loss': 'square', 'n_estimators': 200, 'random_state': 42}",-1.7968369829683704,-1.2847201946472024,-1.5407785888077865,0.25605839416058396,56,-0.40214043583535075,-0.39354368932038813,-0.39784206257786947,0.004298373257481308
5.365231037139893,1.3897745609283447,0.1525740623474121,0.014002799987792969,RandomForestRegressor(n_estimators=10),0.1,exponential,50,42,"{'estimator': RandomForestRegressor(n_estimators=10), 'learning_rate': 0.1, 'loss': 'exponential', 'n_estimators': 50, 'random_state': 42}",-1.7054306569343065,-1.2852871046228709,-1.4953588807785887,0.21007177615571782,26,-0.4392978208232436,-0.42952063106796123,-0.4344092259456024,0.004888594877641178
9.197533130645752,1.9111847877502441,0.31886374950408936,0.06673800945281982,RandomForestRegressor(n_estimators=10),0.1,exponential,100,42,"{'estimator': RandomForestRegressor(n_estimators=10), 'learning_rate': 0.1, 'loss': 'exponential', 'n_estimators': 100, 'random_state': 42}",-1.7452311435523113,-1.2756058394160588,-1.510418491484185,0.2348126520681263,35,-0.40399031476997554,-0.40036043689320366,-0.4021753758315896,0.0018149389383859404
17.97374999523163,4.529610276222229,0.6091607809066772,0.05719435214996338,RandomForestRegressor(n_estimators=10),0.1,exponential,200,42,"{'estimator': RandomForestRegressor(n_estimators=10), 'learning_rate': 0.1, 'loss': 'exponential', 'n_estimators': 200, 'random_state': 42}",-1.7739221411192212,-1.2872335766423344,-1.5305778588807777,0.2433442822384434,41,-0.3852179176755432,-0.3851444174757276,-0.38518116757563536,3.675009990780631e-05
4.824850916862488,1.1658164262771606,0.13693809509277344,0.0043184757232666016,RandomForestRegressor(n_estimators=10),0.01,linear,50,42,"{'estimator': RandomForestRegressor(n_estimators=10), 'learning_rate': 0.01, 'loss': 'linear', 'n_estimators': 50, 'random_state': 42}",-1.6966350364963503,-1.264158150851581,-1.4803965936739656,0.2162384428223847,21,-0.526213075060532,-0.4870109223300972,-0.5066119986953146,0.019601076365217435
9.263176321983337,1.9036329984664917,0.31010377407073975,0.0430675745010376,RandomForestRegressor(n_estimators=10),0.01,linear,100,42,"{'estimator': RandomForestRegressor(n_estimators=10), 'learning_rate': 0.01, 'loss': 'linear', 'n_estimators': 100, 'random_state': 42}",-1.6820437956204373,-1.2650948905109483,-1.4735693430656926,0.2084744525547445,19,-0.4967627118644059,-0.47115291262135967,-0.4839578122428828,0.01280489962152312
18.797703504562378,4.2943809032440186,0.6353493928909302,0.12468063831329346,RandomForestRegressor(n_estimators=10),0.01,linear,200,42,"{'estimator': RandomForestRegressor(n_estimators=10), 'learning_rate': 0.01, 'loss': 'linear', 'n_estimators': 200, 'random_state': 42}",-1.698965936739659,-1.2691727493917266,-1.4840693430656928,0.21489659367396619,23,-0.46407990314769954,-0.45323543689320417,-0.4586576700204519,0.005422233127247683
4.502837181091309,1.0565080642700195,0.13760900497436523,0.009343624114990234,RandomForestRegressor(n_estimators=10),0.01,square,50,42,"{'estimator': RandomForestRegressor(n_estimators=10), 'learning_rate': 0.01, 'loss': 'square', 'n_estimators': 50, 'random_state': 42}",-1.6987712895377138,-1.2634574209245744,-1.481114355231144,0.21765693430656974,22,-0.5102760290556897,-0.4928131067961175,-0.5015445679259036,0.008731461129786094
9.594884634017944,2.3976523876190186,0.25242936611175537,0.0073975324630737305,RandomForestRegressor(n_estimators=10),0.01,square,100,42,"{'estimator': RandomForestRegressor(n_estimators=10), 'learning_rate': 0.01, 'loss': 'square', 'n_estimators': 100, 'random_state': 42}",-1.6789318734793186,-1.2605450121654493,-1.469738442822384,0.20919343065693463,17,-0.49192978208232424,-0.4774441747572822,-0.48468697841980324,0.00724280366252103
17.62549114227295,3.4128806591033936,0.44055867195129395,0.07506728172302246,RandomForestRegressor(n_estimators=10),0.01,square,200,42,"{'estimator': RandomForestRegressor(n_estimators=10), 'learning_rate': 0.01, 'loss': 'square', 'n_estimators': 200, 'random_state': 42}",-1.6858515815085167,-1.2695401459854005,-1.4776958637469586,0.20815571776155806,20,-0.4691573849878939,-0.45814927184466003,-0.46365332841627693,0.005504056571616928
4.9900963306427,1.1396164894104004,0.12771499156951904,0.013238310813903809,RandomForestRegressor(n_estimators=10),0.01,exponential,50,42,"{'estimator': RandomForestRegressor(n_estimators=10), 'learning_rate': 0.01, 'loss': 'exponential', 'n_estimators': 50, 'random_state': 42}",-1.675632603406327,-1.2504063260340637,-1.4630194647201953,0.21261313868613163,16,-0.535256658595642,-0.4939745145631067,-0.5146155865793743,0.020641072016267636
8.370494842529297,1.3682887554168701,0.35726141929626465,0.013018608093261719,RandomForestRegressor(n_estimators=10),0.01,exponential,100,42,"{'estimator': RandomForestRegressor(n_estimators=10), 'learning_rate': 0.01, 'loss': 'exponential', 'n_estimators': 100, 'random_state': 42}",-1.6653357664233581,-1.2552992700729912,-1.4603175182481747,0.20501824817518344,14,-0.5046876513317182,-0.480927184466019,-0.4928074178988686,0.011880233432849607
13.661344170570374,1.6339272260665894,0.34626638889312744,0.089882493019104,RandomForestRegressor(n_estimators=10),0.01,exponential,200,42,"{'estimator': RandomForestRegressor(n_estimators=10), 'learning_rate': 0.01, 'loss': 'exponential', 'n_estimators': 200, 'random_state': 42}",-1.6778759124087599,-1.2666326034063256,-1.4722542579075428,0.20562165450121717,18,-0.47238740920096756,-0.4577633495145636,-0.46507537935776555,0.007312029843201978
